"BLDG_ID","PIN","NAME","PARCL_NAME","BLDG_AD","PARCL_ADRS","BLDG_SF","PARCL_AREA","LU","LU_DETAIL","ZONING","ZONE_CAT","PUB_OR_PRI","HOUS_UNITS","YR_BUILT","I_VAL_15","L_VAL_15","RENT_TYPE","STUDIO","RES_TYPE","CONDITION","SCORE_1","SCORE_1A","SCORE_1_1B","SCORE_2_1B","SCORE_3_1B","RRIO","SCORE_2","SCORE_2A","SCORE_1_2B","SCORE_2_2B","SCORE_3_2B","URM","SCORE_3","SCORE_3A","SCORE_1_3B","SCORE_2_3B","SCORE_3_3B","PRMT_COUNT","PRMT_VAL","SCORE_4","SCORE_4A","SCORE_1_4B","SCORE_2_4B","SCORE_3_4B","VLTN_COUNT","SCORE_5","SCORE_5A","SCORE_1_5B","SCORE_2_5B","SCORE_3_5B","OCC_RATE","SCORE_6","SCORE_6A","SCORE_1_6B","SCORE_2_6B","SCORE_3_6B","WILL_SELL","SCORE_7","SCORE_7A","SCORE_1_7B","SCORE_2_7B","SCORE_3_7B","SALE_DATE","SALE_PRICE","TURNOVER","SCORE_8","SCORE_8A","SCORE_1_8B","SCORE_2_8B","SCORE_3_8B","NEIGHBORS","SCORE_9","SCORE_9A","SCORE_1_9B","SCORE_2_9B","SCORE_3_9B","INDEX_A","INDEX_S1_B","INDEX_S2_B","INDEX_S3_B","NEW_S_1B","NEW_S_2B","NEW_S_3B","NEW_S_4B","NEW_S_5B","NEW_S_6B","NEW_S_7B","NEW_S_8B","NEW_S_9B","NEW_IDX_B"
"1","8809700000","UNION STATION","UNION STATION CONDOMINIUM-","625 5TH AVE S","401  S JACKSON ST",1374337,"337094","Commercial/Mixed-Use","Condominium(Mixed Use)","IDM-65-150","IDM","PRIVATE",0,2000,222816700,45730700,NA,NA,NA,"good",0,0,0,0,0,"n/a",0,0,0,0,0,"no",0,0,0,0,0,12,1533944,-1,-11.11,-10.71,-8.34,-10.52,NA,NA,NA,NA,NA,NA,NA,NA,NA,NA,NA,NA,"N",0,0,0,0,0,NA,NA,NA,NA,NA,NA,NA,NA,0,0,0,0,0,0,NA,NA,NA,NA,0,0,0,-10.71,NA,NA,0,NA,0,NA
"2","5247801830","LITTLE SHEEP RESTAURANT","OCEAN CITY RESTAURANT","609 S WELLER ST","609  S WELLER ST",14400,"7199","Commercial/Mixed-Use","Restaurant/Lounge","IDM 75/85-150","IDM","PRIVATE",0,1985,2668100,972000,NA,NA,NA,"good",0,0,0,0,0,"n/a",0,0,0,0,0,"no",0,0,0,0,0,5,283000,0,0,0,0,0,NA,NA,NA,NA,NA,NA,NA,NA,NA,NA,NA,NA,"N",0,0,0,0,0,NA,NA,NA,NA,NA,NA,NA,NA,0,0,0,0,0,0,NA,NA,NA,NA,0,0,0,0,NA,NA,0,NA,0,NA
"3","5247801865","INTERNATIONAL HOUSE","INTERNATIONAL HOUSE","609 MAYNARD AVE S","607   MAYNARD AVE S",75477,"14396","Commercial/Mixed-Use","Apartment(Mixed Use)","IDM 75/85-150","IDM","PRIVATE",99,1988,4898000,1940000,"Mission-based",961,"Formal Affordable","good",0,0,0,0,0,"yes or exempt",0,0,0,0,0,"no",0,0,0,0,0,2,15000,0,0,0,0,0,NA,NA,NA,NA,NA,NA,NA,NA,NA,NA,NA,NA,"N",0,0,0,0,0,"2004-07-13",6495000,0,0,0,0,0,0,0,0,0,0,0,0,NA,NA,NA,NA,0,0,0,0,NA,NA,0,0,0,NA
"4","5247802430","SUN YA","SUN YA RESTAURANT","605 7TH AVE S","605   7TH AVE S",14120,"14397","Commercial/Mixed-Use","Restaurant/Lounge","IDM 75/85-150","IDM","PRIVATE",0,1980,151400,1944000,NA,NA,NA,"good",0,0,0,0,0,"n/a",0,0,0,0,0,"no",0,0,0,0,0,NA,NA,NA,NA,NA,NA,NA,NA,NA,NA,NA,NA,NA,NA,NA,NA,NA,NA,NA,"N",0,0,0,0,0,NA,NA,NA,NA,NA,NA,NA,NA,0,0,0,0,0,0,NA,NA,NA,NA,0,0,0,NA,NA,NA,0,NA,0,NA
"5","5247802580","ROOMING HOUSE","ROOMING HOUSE-19 ROOMS","711 S WELLER ST","711  S WELLER ST",4088,"3599","Multi-Family","Rooming House","IDM 75/85-150","IDM","PRIVATE",0,1970,174200,486000,"Market-based",NA,"Information Unavailable","fair",0.75,8.33,5.35,4.17,3.94,"no info",0,0,0,0,0,"no",0,0,0,0,0,NA,NA,NA,NA,NA,NA,NA,NA,NA,NA,NA,NA,NA,NA,NA,NA,NA,NA,NA,"N",0,0,0,0,0,NA,NA,NA,NA,NA,NA,NA,NA,0,0,0,0,0,0,8.33,5.35,4.17,3.94,5.35,0,0,NA,NA,NA,0,NA,0,5.35
"6","5247802630","WHSE-MULTI-TENANT","WHSE-MULTI-TENANT","615 8TH AVE S","615   8TH AVE S",10120,"13795","Industrial","Warehouse","IDM 75/85-150","IDM","PRIVATE",0,1975,1000,1798200,NA,NA,NA,"good",0,0,0,0,0,"n/a",0,0,0,0,0,"no",0,0,0,0,0,NA,NA,NA,NA,NA,NA,NA,NA,NA,NA,NA,NA,NA,NA,NA,NA,NA,NA,NA,"N",0,0,0,0,0,NA,NA,NA,NA,NA,NA,NA,NA,0,0,0,0,0,0,NA,NA,NA,NA,0,0,0,NA,NA,NA,0,NA,0,NA
"7","5247802415","GARAGE / CHURCH","Garage","620 MAYNARD AVE S","620   MAYNARD AVE S",7200,"7198","Commercial/Mixed-Use","Parking(Garage)","IDM 75/85-150","IDM","PRIVATE",0,1946,1000,972000,NA,NA,NA,"fair",0.75,8.33,5.35,4.17,3.94,"n/a",0,0,0,0,0,"no",0,0,0,0,0,NA,NA,NA,NA,NA,NA,NA,NA,NA,NA,NA,NA,NA,NA,NA,NA,NA,NA,NA,"N",0,0,0,0,0,"1997-01-27",2900000,0,0,0,0,0,0,0,0,0,0,0,0,NA,NA,NA,NA,5.35,0,0,NA,NA,NA,0,0,0,NA
"8","5247801801","CATHAY BANK","Cathay Bank","624 S DEARBORN ST","624  S DEARBORN ST",26510,"26381","Commercial/Mixed-Use","Retail Store","IDM 75/85-150","IDM","PRIVATE",0,2003,871600,3549800,NA,NA,NA,"good",0,0,0,0,0,"n/a",0,0,0,0,0,"no",0,0,0,0,0,NA,NA,NA,NA,NA,NA,NA,NA,NA,NA,NA,NA,NA,NA,NA,NA,NA,NA,NA,"N",0,0,0,0,0,NA,NA,NA,NA,NA,NA,NA,NA,0,0,0,0,0,0,NA,NA,NA,NA,0,0,0,NA,NA,NA,0,NA,0,NA
"9","3558300000","INTERNATIONAL DISTRICT VILLAGE SQUARE 2","International District Village Square 2","701 8TH AVE S","701   8TH AVE S",195993,"27328","Major Institution And Public Facilities/Utilities","Church/Welfare/Relig Srvc","IDM 75/85-150","IDM","PRIVATE",0,2002,27446900,3463300,"Mission-based",NA,"Formal Affordable","good",0,0,0,0,0,"yes or exempt",0,0,0,0,0,"no",0,0,0,0,0,1,187000,0,0,0,0,0,NA,NA,NA,NA,NA,NA,NA,NA,NA,NA,NA,NA,"N",0,0,0,0,0,NA,NA,NA,NA,NA,NA,NA,NA,0,0,0,0,0,0,NA,NA,NA,NA,0,0,0,0,NA,NA,0,NA,0,NA
"10","5247802530","KEYBANK","KEYBANK","666 S DEARBORN ST","666  S DEARBORN ST",35202,"42032","Commercial/Mixed-Use","Office Building","IDM 75/85-150","IDM","PRIVATE",0,1985,196900,5637600,NA,NA,NA,"good",0,0,0,0,0,"n/a",0,0,0,0,0,"no",0,0,0,0,0,1,200000,0,0,0,0,0,NA,NA,NA,NA,NA,NA,NA,NA,NA,NA,NA,NA,"N",0,0,0,0,0,"1992-09-03",173705,0,0,0,0,0,0,0,0,0,0,0,0,NA,NA,NA,NA,0,0,0,0,NA,NA,0,0,0,NA
"11","5247801775","NIKKEI MANOR","NIKKEI MANOR","718 6TH AVE S","718   6TH AVE S",43380,"32007","Multi-Family","Retirement Facility","IDM 75/85-150","IDM","PRIVATE",50,1998,5303300,4289700,"Mission-based",NA,"Formal Affordable","good",0,0,0,0,0,"yes or exempt",0,0,0,0,0,"no",0,0,0,0,0,1,245500,0,0,0,0,0,NA,NA,NA,NA,NA,NA,NA,NA,NA,NA,NA,NA,"N",0,0,0,0,0,NA,NA,NA,NA,NA,NA,NA,NA,0,0,0,0,0,0,NA,NA,NA,NA,0,0,0,0,NA,NA,0,NA,0,NA
"12","5247802485","SPIC N SPAN CLEANERS","SPIC N SPAN CLEANERS","650 S DEARBORN ST","650  S DEARBORN ST",6555,"12687","Commercial/Mixed-Use","Retail Store","IDM 75/85-150","IDM","PRIVATE",0,1970,1000,1000,NA,NA,NA,"good",0,0,0,0,0,"n/a",0,0,0,0,0,"no",0,0,0,0,0,NA,NA,NA,NA,NA,NA,NA,NA,NA,NA,NA,NA,NA,NA,NA,NA,NA,NA,NA,"N",0,0,0,0,0,NA,NA,NA,NA,NA,NA,NA,NA,0,0,0,0,0,0,NA,NA,NA,NA,0,0,0,NA,NA,NA,0,NA,0,NA
"13","7666202695","OLD PACIFIC FISH CO BLDG","OLD PACIFIC FISH CO BLDG","804 6TH AVE S","804   6TH AVE S",19280,"14817","Industrial","Warehouse","IDM 150/85-150","IDM","PRIVATE",0,1980,89600,1992600,NA,NA,NA,"good",0,0,0,0,0,"n/a",0,0,0,0,0,"yes",1,11.11,14.28,16.68,15.78,NA,NA,NA,NA,NA,NA,NA,NA,NA,NA,NA,NA,NA,NA,NA,NA,NA,NA,NA,"N",0,0,0,0,0,"1990-06-18",530000,0,0,0,0,0,0,0,0,0,0,0,0,NA,NA,NA,NA,0,0,14.28,NA,NA,NA,0,0,0,NA
"14","7666202680","SHELL FOOD MART","SHELL FOOD MART","511 S DEARBORN ST","511  S DEARBORN ST",1485,"10502","Commercial/Mixed-Use","Conv Store with Gas","IDM 150/85-150","IDM","PRIVATE",0,1994,404100,1439200,NA,NA,NA,"good",0,0,0,0,0,"n/a",0,0,0,0,0,"no",0,0,0,0,0,NA,NA,NA,NA,NA,NA,NA,NA,NA,NA,NA,NA,NA,NA,NA,NA,NA,NA,NA,"N",0,0,0,0,0,"2009-12-10",361000,0,0,0,0,0,0,0,0,0,0,0,0,NA,NA,NA,NA,0,0,0,NA,NA,NA,0,0,0,NA
"15","8592900345","RDA BUILDING","RDA BUILDING","800 MAYNARD AVE S","800   MAYNARD AVE S",57600,"27372","Industrial","Warehouse","IDM 150/85-150","IDM","PRIVATE",0,1980,1346400,3693600,NA,NA,NA,"good",0,0,0,0,0,"n/a",0,0,0,0,0,"no",0,0,0,0,0,7,469771,0,0,0,0,0,NA,NA,NA,NA,NA,NA,NA,NA,NA,NA,NA,NA,"N",0,0,0,0,0,NA,NA,NA,NA,NA,NA,NA,NA,0,0,0,0,0,0,NA,NA,NA,NA,0,0,0,0,NA,NA,0,NA,0,NA
"16","7669800045","INSCAPE ARTS AND CULTURAL CENTER","OLD IMMIGRATION & NATURALIZATION SERVICE BUILDING","815 AIRPORT WAY S","815   AIRPORT WAY S",56944,"50144","Commercial/Mixed-Use","Office Building","IDM 150/85-150","IDM","PRIVATE",0,1939,1000,5559600,NA,NA,NA,"good",0,0,0,0,0,"n/a",0,0,0,0,0,"no",0,0,0,0,0,3,19500,0,0,0,0,0,NA,NA,NA,NA,NA,NA,NA,NA,NA,NA,NA,NA,"N",0,0,0,0,0,NA,NA,NA,NA,NA,NA,NA,NA,0,0,0,0,0,0,NA,NA,NA,NA,0,0,0,0,NA,NA,0,NA,0,NA
"17","7666204820","TURNER CONSTRUCTION",NA,"830 4TH AVE S",NA,NA,NA,NA,NA,NA,NA,NA,NA,NA,NA,NA,NA,NA,NA,"good",0,0,0,0,0,"n/a",0,0,0,0,0,"no",0,0,0,0,0,NA,NA,NA,NA,NA,NA,NA,NA,NA,NA,NA,NA,NA,NA,NA,NA,NA,NA,NA,"N",0,0,0,0,0,"1995-06-05",1100000,0,0,0,0,0,0,0,0,0,0,0,0,NA,NA,NA,NA,0,0,0,NA,NA,NA,0,0,0,NA
"18","7669800085","LAWRIMORE PROJECT","LAWRIMORE PROJECT","831 AIRPORT WAY S","831   AIRPORT WAY S",8888,"8141","Commercial/Mixed-Use","Office Building","IDM 150/85-150","IDM","PRIVATE",0,1970,1000,1094800,NA,NA,NA,"good",0,0,0,0,0,"n/a",0,0,0,0,0,"no",0,0,0,0,0,NA,NA,NA,NA,NA,NA,NA,NA,NA,NA,NA,NA,NA,NA,NA,NA,NA,NA,NA,"N",0,0,0,0,0,NA,NA,NA,NA,NA,NA,NA,NA,0,0,0,0,0,0,NA,NA,NA,NA,0,0,0,NA,NA,NA,0,NA,0,NA
"19","8849050000","UWAJIMAYA VILLAGE","UWAJIMAYA VILLAGE","517 S WELLER ST","512  S WELLER ST",223150,"78637","Commercial/Mixed-Use","Condominium(Mixed Use)","IDM 75/85-150","IDM","PRIVATE",176,2000,29660300,10609700,"Market-based",1481,"Market Rate","good",0,0,0,0,0,"yes",0,0,0,0,0,"no",0,0,0,0,0,2,30000,0,0,0,0,0,NA,NA,NA,NA,NA,NA,NA,NA,NA,NA,NA,NA,"N",0,0,0,0,0,NA,NA,NA,NA,NA,NA,NA,NA,0.5,0.5,5.56,7.14,8.34,7.89,NA,NA,NA,NA,0,0,0,0,NA,NA,0,NA,7.14,NA
"20","5247802600","DUPLEX","DUPLEX","612 7TH AVE S","612   7TH AVE S",3240,"2419","Multi-Family","Duplex","IDM 75/85-150","IDM","PRIVATE",2,1960,222000,127000,"Market-based",NA,NA,"good",0,0,0,0,0,"n/a",0,0,0,0,0,"no",0,0,0,0,0,NA,NA,NA,NA,NA,NA,NA,NA,NA,NA,NA,NA,NA,NA,NA,NA,NA,NA,NA,"N",0,0,0,0,0,"2003-04-26",393000,1,1,11.11,14.28,16.68,15.78,0,0,0,0,0,0,NA,NA,NA,NA,0,0,0,NA,NA,NA,0,14.28,0,NA
"21","0086000000","ASIA CONDOMIMIUN","ASIA CONDOMIMIUN","668 S LANE ST","668  S LANE ST",55703,"14396","Commercial/Mixed-Use","Condominium(Mixed Use)","IDM 75/85-150","IDM","PRIVATE",75,2002,15132300,1939600,"Market-based",NA,NA,"good",0,0,0,0,0,"yes",0,0,0,0,0,"no",0,0,0,0,0,4,79513,0,0,0,0,0,NA,NA,NA,NA,NA,NA,NA,NA,NA,NA,NA,NA,"N",0,0,0,0,0,NA,NA,NA,NA,NA,NA,NA,NA,0,0,0,0,0,0,NA,NA,NA,NA,0,0,0,0,NA,NA,0,NA,0,NA
"22","8653700000","TOBIRA","TOBIRA","108 5TH AVE S","108   5TH AVE S",109284,"19351","Commercial/Mixed-Use","Condominium(Mixed Use)","IDR 45/125-240","IDR","PRIVATE",88,2001,13928200,2705400,"Market-based",NA,NA,"good",0,0,0,0,0,"no info",0,0,0,0,0,"no",0,0,0,0,0,NA,NA,NA,NA,NA,NA,NA,NA,NA,NA,NA,NA,NA,NA,NA,NA,NA,NA,NA,"N",0,0,0,0,0,NA,NA,NA,NA,NA,NA,NA,NA,0,0,0,0,0,0,NA,NA,NA,NA,0,0,0,NA,NA,NA,0,NA,0,NA
"23","5247802080","NIPPON KAN/KOBE PARK BUILDING","NIPPON KAN/KOBE PARK BUILDING","624 S WASHINGTON ST","633   YESLER WAY",31432,"13370","Commercial/Mixed-Use","Office Building","IDR 150","IDR","PRIVATE",0,1970,1673100,1741500,NA,NA,NA,"good",0,0,0,0,0,"n/a",0,0,0,0,0,"yes",1,11.11,14.28,16.68,15.78,2,35000,0,0,0,0,0,NA,NA,NA,NA,NA,NA,NA,NA,NA,NA,NA,NA,"N",0,0,0,0,0,"2005-07-26",3100000,0,0,0,0,0,0,0,0,0,0,0,0,NA,NA,NA,NA,0,0,14.28,0,NA,NA,0,0,0,NA
"24","5247802005","METROPOLITAN PARK","METROPOLITAN PARK","601 S WASHINGTON ST","601  S WASHINGTON ST",58015,"15334","Multi-Family","Apartment","IDR 150","IDR","PRIVATE",83,2001,18426400,2073600,"Market-based",1100,"Market Rate","good",0,0,0,0,0,"no info",0,0,0,0,0,"no",0,0,0,0,0,1,50228,0,0,0,0,0,1,1,11.11,7.14,5.56,5.26,NA,NA,NA,NA,NA,NA,"N",0,0,0,0,0,"1993-06-18",6490400,1,1,11.11,14.28,16.68,15.78,1,1,11.11,14.28,16.68,15.78,NA,NA,NA,NA,0,0,0,0,7.14,NA,0,14.28,14.28,NA
"25","5247802015","INTERNATIONAL TERRACE","INTERNATIONAL TERRACE-EXEMPT","202 6TH AVE S","202   6TH AVE S",76094,"23016","Multi-Family","Apartment(Subsidized)","IDR 150","IDR","PUBLIC",100,1995,14953400,2649600,"Mission-based",NA,"Formal Affordable","good",0,0,0,0,0,"yes",0,0,0,0,0,"no",0,0,0,0,0,1,25000,0,0,0,0,0,NA,NA,NA,NA,NA,NA,NA,NA,NA,NA,NA,NA,"N",0,0,0,0,0,NA,NA,NA,NA,NA,NA,NA,NA,1,1,11.11,14.28,16.68,15.78,NA,NA,NA,NA,0,0,0,0,NA,NA,0,NA,14.28,NA
"26","5247801550","IMPERIAL HOUSE","IMPERIAL HOUSE","520 S MAIN ST","520  S MAIN ST",74327,"7208","Multi-Family","Apartment","IDR 45/125-240","IDR","PRIVATE",96,1988,9047000,1008000,"Mission-based",1111,"Formal Affordable","good",0,0,0,0,0,"yes",0,0,0,0,0,"no",0,0,0,0,0,NA,NA,NA,NA,NA,NA,NA,NA,NA,NA,NA,NA,NA,NA,NA,NA,NA,NA,NA,"N",0,0,0,0,0,NA,NA,NA,NA,NA,NA,NA,NA,0,0,0,0,0,0,NA,NA,NA,NA,0,0,0,NA,NA,NA,0,NA,0,NA
"27","5247801292","5TH & JACKSON BUILDING","5Th & Jackson Building","315 5TH AVE S","315  S JACKSON ST",181694,"17415","Commercial/Mixed-Use","Office Building","IDR/C 125/150-240","IDR","PRIVATE",0,2002,30071000,2457000,NA,NA,NA,"good",0,0,0,0,0,"n/a",0,0,0,0,0,"no",0,0,0,0,0,6,556561,0,0,0,0,0,NA,NA,NA,NA,NA,NA,NA,NA,NA,NA,NA,NA,"N",0,0,0,0,0,"2000-04-27",5280000,2,1,11.11,14.28,16.68,15.78,0,0,0,0,0,0,NA,NA,NA,NA,0,0,0,0,NA,NA,0,14.28,0,NA
"28","5247801610","RESTAURANT/OFFICE BLDG.","Restaurant/Office Bldg.","513 S MAIN ST","513  S MAIN ST",15939,"11122","Commercial/Mixed-Use","Office Building","IDR 150","IDR","PRIVATE",0,1985,1075300,1498500,NA,NA,NA,"good",0,0,0,0,0,"n/a",0,0,0,0,0,"yes",1,11.11,14.28,16.68,15.78,4,315000,0,0,0,0,0,NA,NA,NA,NA,NA,NA,NA,NA,NA,NA,NA,NA,"N",0,0,0,0,0,NA,NA,NA,NA,NA,NA,NA,NA,0,0,0,0,0,0,NA,NA,NA,NA,0,0,14.28,0,NA,NA,0,NA,0,NA
"29","5247801965","PANAMA HOTEL","PANAMA HOTEL","605 S MAIN ST","605  S MAIN ST",33040,"7203","Commercial/Mixed-Use","Hotel/Motel","IDR 150","IDR","PRIVATE",0,1980,4595000,972000,NA,NA,NA,"good",0,0,0,0,0,"n/a",0,0,0,0,0,"yes",1,11.11,14.28,16.68,15.78,1,24000,0,0,0,0,0,NA,NA,NA,NA,NA,NA,NA,NA,NA,NA,NA,NA,"Y",1,11.11,7.14,5.56,5.26,"1986-12-09",500000,0,0,0,0,0,0,0.5,0.5,5.56,7.14,8.34,7.89,NA,NA,NA,NA,0,0,14.28,0,NA,NA,7.14,0,7.14,NA
"30","5247802245","NIHONMACHI TERRACE","NIHONMACHI TERRACE APTS","651 S MAIN ST","651  S MAIN ST",48360,"7206","Multi-Family","Apartment(Subsidized)","IDR 150","IDR","PRIVATE",50,2005,15056000,972000,"Mission-based",NA,"Formal Affordable","good",0,0,0,0,0,"yes or exempt",0,0,0,0,0,"no",0,0,0,0,0,NA,NA,NA,NA,NA,NA,NA,NA,NA,NA,NA,NA,NA,NA,NA,NA,NA,NA,NA,"N",0,0,0,0,0,"2002-09-25",756000,0,0,0,0,0,0,0,0,0,0,0,0,NA,NA,NA,NA,0,0,0,NA,NA,NA,0,0,0,NA
"31","5247802775","RETAIL & AUTO REPAIR","Retail & AUTO REPAIR","710 S JACKSON ST","710  S JACKSON ST",12900,"13241","Commercial/Mixed-Use","Retail Store","IDM-75-85","IDM","PRIVATE",0,1960,1000,1612800,NA,NA,NA,"fair",0.75,8.33,5.35,4.17,3.94,"n/a",0,0,0,0,0,"yes",1,11.11,14.28,16.68,15.78,NA,NA,NA,NA,NA,NA,NA,NA,NA,NA,NA,NA,NA,NA,NA,NA,NA,NA,NA,"N",0,0,0,0,0,NA,NA,NA,NA,NA,NA,NA,NA,0.5,0.5,5.56,7.14,8.34,7.89,NA,NA,NA,NA,5.35,0,14.28,NA,NA,NA,0,NA,7.14,NA
"32","5247801620","RETAIL & GARAGE","Retail & Garage","404 5TH AVE S","404   5TH AVE S",14400,"14423","Commercial/Mixed-Use","Retail Store","IDM-75-85","IDM","PRIVATE",0,1960,1000,1728000,NA,NA,NA,"fair",0.75,8.33,5.35,4.17,3.94,"n/a",0,0,0,0,0,"yes",1,11.11,14.28,16.68,15.78,NA,NA,NA,NA,NA,NA,NA,NA,NA,NA,NA,NA,NA,NA,NA,NA,NA,NA,NA,"N",0,0,0,0,0,NA,NA,NA,NA,NA,NA,NA,NA,0,0,0,0,0,0,NA,NA,NA,NA,5.35,0,14.28,NA,NA,NA,0,NA,0,NA
"33","1275150000","BUSH HOTEL","BUSH HOTEL 2","617 S JACKSON ST",NA,75187,"14281","Commercial/Mixed-Use","Condominium(Mixed Use)","IDM-75-85","IDM","PRIVATE",94,1973,8725300,1612700,"Mission-based",500,"Formal Affordable","good",0,0,0,0,0,"yes or exempt",0,0,0,0,0,"yes",1,11.11,14.28,16.68,15.78,6,614000,0,0,0,0,0,NA,NA,NA,NA,NA,NA,100,0,0,0,0,0,"N",0,0,0,0,0,NA,NA,NA,NA,NA,NA,NA,NA,0,0,0,0,0,0,NA,NA,NA,NA,0,0,14.28,0,NA,0,0,NA,0,NA
"34","5247801640","BANK OF AMERICA","BANK OF AMERICA","525 S JACKSON ST","525  S JACKSON ST",6120,"19831","Commercial/Mixed-Use","Bank","IDM-75-85","IDM","PRIVATE",0,1964,676300,2376000,NA,NA,NA,"good",0,0,0,0,0,"n/a",0,0,0,0,0,"no",0,0,0,0,0,1,96000,0,0,0,0,0,NA,NA,NA,NA,NA,NA,NA,NA,NA,NA,NA,NA,"N",0,0,0,0,0,NA,NA,NA,NA,NA,NA,NA,NA,1,1,11.11,14.28,16.68,15.78,NA,NA,NA,NA,0,0,0,0,NA,NA,0,NA,14.28,NA
"35","5247801925","WASHINGTON FEDERAL","WASHINGTON FEDERAL","601 S JACKSON ST","601  S JACKSON ST",8664,"13683","Commercial/Mixed-Use","Bank","IDM-75-85","IDM","PRIVATE",0,1986,1086500,1641600,NA,NA,NA,"good",0,0,0,0,0,"n/a",0,0,0,0,0,"no",0,0,0,0,0,3,160000,0,0,0,0,0,NA,NA,NA,NA,NA,NA,NA,NA,NA,NA,NA,NA,"N",0,0,0,0,0,NA,NA,NA,NA,NA,NA,NA,NA,1,1,11.11,14.28,16.68,15.78,NA,NA,NA,NA,0,0,0,0,NA,NA,0,NA,14.28,NA
"36","8809700000","UNION STATION CONDOMINIUM","UNION STATION CONDOMINIUM-","401 S JACKSON ST","401  S JACKSON ST",1374337,"337094","Commercial/Mixed-Use","Condominium(Mixed Use)","IDM-65-150","IDM","PRIVATE",0,2000,222816700,45730700,NA,NA,NA,"good",0,0,0,0,0,"n/a",0,0,0,0,0,"no",0,0,0,0,0,12,1533944,-1,-11.11,-10.71,-8.34,-10.52,NA,NA,NA,NA,NA,NA,NA,NA,NA,NA,NA,NA,"N",0,0,0,0,0,NA,NA,NA,NA,NA,NA,NA,NA,0,0,0,0,0,0,NA,NA,NA,NA,0,0,0,-10.71,NA,NA,0,NA,0,NA
"37","5247802755","HOUSE OF HONG","HOUSE OF HONG","409 8TH AVE S","409   8TH AVE S",11794,"13437","Commercial/Mixed-Use","Restaurant/Lounge","IDM-75-85","IDM","PRIVATE",0,1988,1651500,1612800,NA,NA,NA,"good",0,0,0,0,0,"n/a",0,0,0,0,0,"yes",1,11.11,14.28,16.68,15.78,NA,NA,NA,NA,NA,NA,NA,NA,NA,NA,NA,NA,NA,NA,NA,NA,NA,NA,NA,"Y",1,11.11,7.14,5.56,5.26,"1992-11-30",1280000,1,1,11.11,14.28,16.68,15.78,0.5,0.5,5.56,7.14,8.34,7.89,NA,NA,NA,NA,0,0,14.28,NA,NA,NA,7.14,14.28,7.14,NA
"38","5247802300","CHINESE POST","Chinese Post","412 MAYNARD AVE S","412   MAYNARD AVE S",20545,"7199","Commercial/Mixed-Use","Apartment(Mixed Use)","IDM-75-85","IDM","PRIVATE",0,2001,2759200,864000,"Market-based",NA,NA,"good",0,0,0,0,0,"n/a",0,0,0,0,0,"no",0,0,0,0,0,NA,NA,NA,NA,NA,NA,NA,NA,NA,NA,NA,NA,NA,NA,NA,NA,NA,NA,NA,"N",0,0,0,0,0,NA,NA,NA,NA,NA,NA,NA,NA,1,1,11.11,14.28,16.68,15.78,NA,NA,NA,NA,0,0,0,NA,NA,NA,0,NA,14.28,NA
"39","5247802735","REPUBLIC HOTEL","REPUBLIC HOTEL & RETAIL/CHEW LUN B.A.","416 7TH AVE S","416   7TH AVE S",27300,"7680","Multi-Family","Rooming House","IDM-75-85","IDM","PRIVATE",0,1965,1360800,921600,"Market-based",NA,"Information Unavailable","poor",1,11.11,7.14,5.56,5.26,"n/a",0,0,0,0,0,"yes",1,11.11,14.28,16.68,15.78,1,0,0,0,0,0,0,1,1,11.11,7.14,5.56,5.26,0,1,11.11,10.71,8.34,10.52,"Y",1,11.11,7.14,5.56,5.26,NA,NA,NA,NA,NA,NA,NA,NA,0.5,0.5,5.56,7.14,8.34,7.89,61.11,53.55,50.04,49.97,7.14,0,14.28,0,7.14,10.71,7.14,NA,7.14,53.55
"40","5247802745","FOUR SEAS RESTAURANT","FOUR SEAS RESTAURANT","714 S KING ST","714  S KING ST",5956,"15358","Commercial/Mixed-Use","Restaurant/Lounge","IDM-75-85","IDM","PRIVATE",0,1980,223900,1843200,NA,NA,NA,"good",0,0,0,0,0,"n/a",0,0,0,0,0,"no",0,0,0,0,0,NA,NA,NA,NA,NA,NA,NA,NA,NA,NA,NA,NA,NA,NA,NA,NA,NA,NA,NA,"Y",1,11.11,7.14,5.56,5.26,"1988-01-29",737500,1,1,11.11,14.28,16.68,15.78,1,1,11.11,14.28,16.68,15.78,NA,NA,NA,NA,0,0,0,NA,NA,NA,7.14,14.28,14.28,NA
"41","5247802315","ATLAS HOTEL","ATLAS HOTEL & RETAIL STORES","420 MAYNARD AVE S","420   MAYNARD AVE S",34920,"11637","Commercial/Mixed-Use","Apartment(Mixed Use)","IDM-75-85","IDM","PRIVATE",46,1975,3366400,1396800,"Market-based",550,"Informal Affordable - low","good",0,0,0,0,0,"yes or exempt",0,0,0,0,0,"yes",1,11.11,14.28,16.68,15.78,NA,NA,NA,NA,NA,NA,NA,1,1,11.11,7.14,5.56,5.26,83,0,0,0,0,0,"N",0,0,0,0,0,NA,NA,NA,NA,NA,NA,NA,NA,0,0,0,0,0,0,22.22,21.42,22.24,21.04,0,0,14.28,NA,7.14,0,0,NA,0,21.42
"42","5247801635","AMERICAN HOTEL (HOSTEL)","AMERICAN HOTEL (HOSTEL)","520 S KING ST","520  S KING ST",25818,"7212","Multi-Family","Apartment(Subsidized)","IDM-75-85","IDM","PRIVATE",0,1971,3279300,864000,"Market-based",NA,NA,"good",0,0,0,0,0,"n/a",0,0,0,0,0,"no",0,0,0,0,0,1,96000,0,0,0,0,0,NA,NA,NA,NA,NA,NA,NA,NA,NA,NA,NA,NA,"N",0,0,0,0,0,"2008-11-21",4600000,0,0,0,0,0,0,0,0,0,0,0,0,NA,NA,NA,NA,0,0,0,0,NA,NA,0,0,0,NA
"43","5247801875","HOWARD DONG BUILDING","HOWARD DONG BUILDING","601 S KING ST","601  S KING ST",21600,"7199","Commercial/Mixed-Use","Office Building","IDM-75-85","IDM","PRIVATE",0,1993,2417400,864000,NA,NA,NA,"good",0,0,0,0,0,"n/a",0,0,0,0,0,"no",0,0,0,0,0,NA,NA,NA,NA,NA,NA,NA,NA,NA,NA,NA,NA,NA,NA,NA,NA,NA,NA,NA,"N",0,0,0,0,0,"1992-10-05",44500,0,0,0,0,0,0,0.5,0.5,5.56,7.14,8.34,7.89,NA,NA,NA,NA,0,0,0,NA,NA,NA,0,0,7.14,NA
"44","5247801910","FREEDMAN APARTMENTS","FREEDMAN APARTMENTS & Purple Dot Cafe","515 MAYNARD AVE S","515   MAYNARD AVE S",28800,"7200","Multi-Family","Apartment","IDM-75-85","IDM","PRIVATE",24,1975,3751400,864000,"Market-based",800,"Informal Affordable - moderate","good",0,0,0,0,0,"yes or exempt",0,0,0,0,0,"yes",1,11.11,14.28,16.68,15.78,1,100000,0,0,0,0,0,NA,NA,NA,NA,NA,NA,100,0,0,0,0,0,"N",0,0,0,0,0,NA,NA,NA,NA,NA,NA,NA,NA,0,0,0,0,0,0,11.11,14.28,16.68,15.78,0,0,14.28,0,NA,0,0,NA,0,14.28
"45","8809700000","UNION STATION CONDOMINIUM","UNION STATION CONDOMINIUM-","550 4TH AVE S","401  S JACKSON ST",1374337,"337094","Commercial/Mixed-Use","Condominium(Mixed Use)","IDM-65-150","IDM","PRIVATE",0,2000,222816700,45730700,NA,NA,NA,"good",0,0,0,0,0,"n/a",0,0,0,0,0,"no",0,0,0,0,0,12,1533944,-1,-11.11,-10.71,-8.34,-10.52,NA,NA,NA,NA,NA,NA,NA,NA,NA,NA,NA,NA,"N",0,0,0,0,0,NA,NA,NA,NA,NA,NA,NA,NA,0,0,0,0,0,0,NA,NA,NA,NA,0,0,0,-10.71,NA,NA,0,NA,0,NA
"46","5247802680","WEST KONG YICK","HOTEL-KONGYICK INVESTMENT CO","508 1/2 7TH AVE S","508 1/2  7TH AVE S",56800,"14403","Commercial/Mixed-Use","Apartment(Mixed Use)","IDM-75-85","IDM","PRIVATE",0,1960,664300,1728000,"Market-based",250,"Informal Affordable - low","fair",0.75,8.33,5.35,4.17,3.94,"no",1,11.11,14.28,16.68,15.78,"yes",1,11.11,14.28,16.68,15.78,1,225000,0,0,0,0,0,NA,NA,NA,NA,NA,NA,18,1,11.11,10.71,8.34,10.52,"N",0,0,0,0,0,NA,NA,NA,NA,NA,NA,NA,NA,0,0,0,0,0,0,41.66,44.62,45.87,46.02,5.35,14.28,14.28,0,NA,10.71,0,NA,0,44.62
"47","5247801881","SHANGHAI GARDEN","SHANGHAI GARDEN & OTHER RESTAURANTS","514 6TH AVE S","514   6TH AVE S",9650,"14397","Commercial/Mixed-Use","Retail Store","IDM-75-85","IDM","PRIVATE",0,1979,1000,1728000,NA,NA,NA,"good",0,0,0,0,0,"n/a",0,0,0,0,0,"no",0,0,0,0,0,2,69500,0,0,0,0,0,NA,NA,NA,NA,NA,NA,NA,NA,NA,NA,NA,NA,"N",0,0,0,0,0,NA,NA,NA,NA,NA,NA,NA,NA,0.5,0.5,5.56,7.14,8.34,7.89,NA,NA,NA,NA,0,0,0,0,NA,NA,0,NA,7.14,NA
"48","5247802695","CHONG WA","CHONG WA BENEVOLENT ASSN","522 7TH AVE S","522   7TH AVE S",9152,"7201","Major Institution And Public Facilities/Utilities","School(Public)","IDM-75-85","IDM","PRIVATE",0,1975,525200,864000,NA,NA,NA,"good",0,0,0,0,0,"n/a",0,0,0,0,0,"yes",1,11.11,14.28,16.68,15.78,NA,NA,NA,NA,NA,NA,NA,NA,NA,NA,NA,NA,NA,NA,NA,NA,NA,NA,NA,"N",0,0,0,0,0,NA,NA,NA,NA,NA,NA,NA,NA,0,0,0,0,0,0,NA,NA,NA,NA,0,0,14.28,NA,NA,NA,0,NA,0,NA
"49","5247802350","EASTERN HOTEL","EASTERN HOTEL","506 MAYNARD AVE S","506   MAYNARD AVE S",27161,"7200","Multi-Family","Historic Prop(Residence)","IDM-75-85","IDM","PRIVATE",52,1990,4699800,864000,"Mission-based",500,"Formal Affordable","good",0,0,0,0,0,"yes or exempt",0,0,0,0,0,"yes",1,11.11,14.28,16.68,15.78,1,100000,0,0,0,0,0,1,1,11.11,7.14,5.56,5.26,100,0,0,0,0,0,"N",0,0,0,0,0,"1996-11-22",359035,1,1,11.11,14.28,16.68,15.78,0.5,0.5,5.56,7.14,8.34,7.89,NA,NA,NA,NA,0,0,14.28,0,7.14,0,0,14.28,7.14,NA
"50","5247802725","AUTO REPAIR","AUTO REPAIR","408 7TH AVE S","701  S JACKSON ST",6794,"13439","Commercial/Mixed-Use","Service Station","IDM-75-85","IDM","PRIVATE",0,1960,1000,1612800,NA,NA,NA,"fair",0.75,8.33,5.35,4.17,3.94,"n/a",0,0,0,0,0,"no",0,0,0,0,0,1,0,0,0,0,0,0,NA,NA,NA,NA,NA,NA,NA,NA,NA,NA,NA,NA,"Y",1,11.11,7.14,5.56,5.26,NA,NA,NA,NA,NA,NA,NA,NA,1,1,11.11,14.28,16.68,15.78,NA,NA,NA,NA,5.35,0,0,0,NA,NA,7.14,NA,14.28,NA
"51","5247801465","FIRE STATION 10","Fire Station 10","401 YESLER WAY","401   YESLER WAY",61156,"61509","Major Institution And Public Facilities/Utilities","Governmental Service","IDR/C 125/150-240","IDR","CITY OF SEATTLE",0,2008,16521700,7368700,NA,NA,NA,"good",0,0,0,0,0,"n/a",0,0,0,0,0,"no",0,0,0,0,0,1,1500000,-1,-11.11,-10.71,-8.34,-10.52,NA,NA,NA,NA,NA,NA,NA,NA,NA,NA,NA,NA,"N",0,0,0,0,0,NA,NA,NA,NA,NA,NA,NA,NA,0,0,0,0,0,0,NA,NA,NA,NA,0,0,0,-10.71,NA,NA,0,NA,0,NA
"52","5247802665","WHSE","Whse","605 8TH AVE S","605   8TH AVE S",1403,"4599","Industrial","Warehouse","IDM 75/85-150","IDM","PRIVATE",0,1958,1000,625800,NA,NA,NA,"good",0,0,0,0,0,"n/a",0,0,0,0,0,"no",0,0,0,0,0,NA,NA,NA,NA,NA,NA,NA,NA,NA,NA,NA,NA,NA,NA,NA,NA,NA,NA,NA,"Y",1,11.11,7.14,5.56,5.26,"2002-03-05",575000,0,0,0,0,0,0,0,0,0,0,0,0,NA,NA,NA,NA,0,0,0,NA,NA,NA,7.14,0,0,NA
"53","8592900065","ENG SUEY SUN PLAZA","ENG SUEY SUN PLAZA","815 S WELLER ST","815  S WELLER ST",23472,"20151","Commercial/Mixed-Use","Office Building","IDM 75/85-150","IDM","PRIVATE",0,1989,961800,2721600,NA,NA,NA,"good",0,0,0,0,0,"n/a",0,0,0,0,0,"no",0,0,0,0,0,NA,NA,NA,NA,NA,NA,NA,NA,NA,NA,NA,NA,NA,NA,NA,NA,NA,NA,NA,"N",0,0,0,0,0,NA,NA,NA,NA,NA,NA,NA,NA,0,0,0,0,0,0,NA,NA,NA,NA,0,0,0,NA,NA,NA,0,NA,0,NA
"54","8592900080","REPROGRAPHICS NW","REPROGRAPHICS NW","616 8TH AVE S","616   8TH AVE S",11071,"20152","Industrial","Warehouse","IDM 75/85-150","IDM","PRIVATE",0,1970,1000,2721600,NA,NA,NA,"good",0,0,0,0,0,"n/a",0,0,0,0,0,"no",0,0,0,0,0,NA,NA,NA,NA,NA,NA,NA,NA,NA,NA,NA,NA,NA,NA,NA,NA,NA,NA,NA,"N",0,0,0,0,0,NA,NA,NA,NA,NA,NA,NA,NA,0,0,0,0,0,0,NA,NA,NA,NA,0,0,0,NA,NA,NA,0,NA,0,NA
"55","8592900105","LEGACY HOUSE","Village Square","802 S DEARBORN ST","802  S DEARBORN ST",90185,"38317","Commercial/Mixed-Use","Apartment(Mixed Use)","IDM 75/85-150","IDM","PUBLIC",0,1999,11041400,3792000,"Mission-based",NA,"Formal Affordable","good",0,0,0,0,0,"yes or exempt",0,0,0,0,0,"no",0,0,0,0,0,1,120000,0,0,0,0,0,NA,NA,NA,NA,NA,NA,NA,NA,NA,NA,NA,NA,"N",0,0,0,0,0,NA,NA,NA,NA,NA,NA,NA,NA,0,0,0,0,0,0,NA,NA,NA,NA,0,0,0,0,NA,NA,0,NA,0,NA
"56","8170100455","THE WELLER BUILDING","The Weller Building","1225 S WELLER ST","1225  S WELLER ST",48237,"26796","Commercial/Mixed-Use","Office Building","DMC 85/65-150","DMC","PRIVATE",0,2001,6354100,2550700,NA,NA,NA,"good",0,0,0,0,0,"n/a",0,0,0,0,0,"no",0,0,0,0,0,1,0,0,0,0,0,0,NA,NA,NA,NA,NA,NA,NA,NA,NA,NA,NA,NA,"N",0,0,0,0,0,NA,NA,NA,NA,NA,NA,NA,NA,0.5,0.5,5.56,7.14,8.34,7.89,NA,NA,NA,NA,0,0,0,0,NA,NA,0,NA,7.14,NA
"57","8170100415","SEATTLE INDIAN CENTER/CLINIC","SEATTLE INDIAN CENTER/CLINIC","611 12TH AVE S","611   12TH AVE S",30160,"67020","Commercial/Mixed-Use","Medical/Dental Office","DMC 85/65-150","DMC","PRIVATE",0,1990,285600,6331000,NA,NA,NA,"good",0,0,0,0,0,"n/a",0,0,0,0,0,"no",0,0,0,0,0,2,13000,0,0,0,0,0,NA,NA,NA,NA,NA,NA,NA,NA,NA,NA,NA,NA,"N",0,0,0,0,0,NA,NA,NA,NA,NA,NA,NA,NA,0,0,0,0,0,0,NA,NA,NA,NA,0,0,0,0,NA,NA,0,NA,0,NA
"58","8170100420","LESCHI HOUSE","LESCHI HOUSE","1011 S WELLER ST","1011  S WELLER ST",33337,"42611","Multi-Family","Apartment","DMC 85/65-150","DMC","PUBLIC",35,1992,1178700,4041300,"Mission-based",940,"Formal Affordable","good",0,0,0,0,0,"yes or exempt",0,0,0,0,0,"no",0,0,0,0,0,1,6337696,-1,-11.11,-10.71,-8.34,-10.52,NA,NA,NA,NA,NA,NA,NA,NA,NA,NA,NA,NA,"N",0,0,0,0,0,NA,NA,NA,NA,NA,NA,NA,NA,0,0,0,0,0,0,NA,NA,NA,NA,0,0,0,-10.71,NA,NA,0,NA,0,NA
"59","5391600100","HIP SING","HIP WAH HING","418 8TH AVE S","418   8TH AVE S",13664,"3360","Multi-Family","Rooming House","IDM-75-85","IDM","PRIVATE",0,1960,640800,403200,"Market-based",320,"Informal Affordable - low","poor",1,11.11,7.14,5.56,5.26,"yes",0,0,0,0,0,"yes",1,11.11,14.28,16.68,15.78,NA,NA,NA,NA,NA,NA,NA,NA,NA,NA,NA,NA,NA,18,1,11.11,10.71,8.34,10.52,"Y",1,11.11,7.14,5.56,5.26,NA,NA,NA,NA,NA,NA,NA,NA,0.5,0.5,5.56,7.14,8.34,7.89,50,46.41,44.48,44.71,7.14,0,14.28,NA,NA,10.71,7.14,NA,7.14,46.41
"60","5391600300","TSUE CHONG FOODS","RETAIL & WHSE","800 S WELLER ST","805  S KING ST",10440,"13441","Industrial","Warehouse","IDM-75-85","IDM","PRIVATE",0,1965,1000,1612800,NA,NA,NA,"good",0,0,0,0,0,"n/a",0,0,0,0,0,"no",0,0,0,0,0,NA,NA,NA,NA,NA,NA,NA,NA,NA,NA,NA,NA,NA,NA,NA,NA,NA,NA,NA,"N",0,0,0,0,0,NA,NA,NA,NA,NA,NA,NA,NA,0,0,0,0,0,0,NA,NA,NA,NA,0,0,0,NA,NA,NA,0,NA,0,NA
"61","8170100396","SERVICE GARAGE","SERVICE GARAGE","520 12TH AVE S","520   12TH AVE S",905,"6583","Commercial/Mixed-Use","Service Building","DMR/C 65/65-150","DMR","PRIVATE",0,1948,1000,627000,NA,NA,NA,"fair",0.75,8.33,5.35,4.17,3.94,"n/a",0,0,0,0,0,"no",0,0,0,0,0,NA,NA,NA,NA,NA,NA,NA,NA,NA,NA,NA,NA,NA,NA,NA,NA,NA,NA,NA,"N",0,0,0,0,0,NA,NA,NA,NA,NA,NA,NA,NA,0,0,0,0,0,0,NA,NA,NA,NA,5.35,0,0,NA,NA,NA,0,NA,0,NA
"62","8592400055","ORIENT CENTER",NA,"200 12TH AVE S",NA,NA,NA,NA,NA,NA,NA,NA,NA,NA,NA,NA,NA,NA,NA,"good",0,0,0,0,0,"n/a",0,0,0,0,0,"no",0,0,0,0,0,NA,NA,NA,NA,NA,NA,NA,NA,NA,NA,NA,NA,NA,NA,NA,NA,NA,NA,NA,"N",0,0,0,0,0,NA,NA,NA,NA,NA,NA,NA,NA,0,0,0,0,0,0,NA,NA,NA,NA,0,0,0,NA,NA,NA,0,NA,0,NA
"63","6599950000","PACIFIC CENTER","PACIFIC CENTER","321 10TH AVE S","321 10TH AVE S",134260,"19180","Multi-Family","Condominium(Mixed Use","DMR/C 65/65-85","DMR","PRIVATE",45,2000,0,0,"Market-based",NA,NA,"good",0,0,0,0,0,"n/a",0,0,0,0,0,"no",0,0,0,0,0,5,982835,0,0,0,0,0,NA,NA,NA,NA,NA,NA,NA,NA,NA,NA,NA,NA,"N",0,0,0,0,0,NA,NA,NA,NA,NA,NA,NA,NA,0,0,0,0,0,0,NA,NA,NA,NA,0,0,0,0,NA,NA,0,NA,0,NA
"64","5391600140","VAN PRODUCE","Van Produce","913 S JACKSON ST","913  S JACKSON ST",5880,"8714","Industrial","Warehouse","DMR/C 65/65-85","DMR","PRIVATE",0,1947,1000,837200,NA,NA,NA,"fair",0.75,8.33,5.35,4.17,3.94,"n/a",0,0,0,0,0,"no",0,0,0,0,0,NA,NA,NA,NA,NA,NA,NA,NA,NA,NA,NA,NA,NA,NA,NA,NA,NA,NA,NA,"N",0,0,0,0,0,NA,NA,NA,NA,NA,NA,NA,NA,0.5,0.5,5.56,7.14,8.34,7.89,NA,NA,NA,NA,5.35,0,0,NA,NA,NA,0,NA,7.14,NA
"65","5391600130","WING WA BISTRO","Wing Wa Bistro Restaurant","923 S JACKSON ST","923  S JACKSON ST",1008,"11760","Commercial/Mixed-Use","Restaurant/Lounge","DMR/C 65/65-85","DMR","PRIVATE",0,1980,1000,1117200,NA,NA,NA,"good",0,0,0,0,0,"n/a",0,0,0,0,0,"no",0,0,0,0,0,NA,NA,NA,NA,NA,NA,NA,NA,NA,NA,NA,NA,NA,NA,NA,NA,NA,NA,NA,"N",0,0,0,0,0,NA,NA,NA,NA,NA,NA,NA,NA,0.5,0.5,5.56,7.14,8.34,7.89,NA,NA,NA,NA,0,0,0,NA,NA,NA,0,NA,7.14,NA
"66","5391600161","WAREHOUSE","WAREHOUSE","908 S KING ST","417   9TH AVE S",12048,"14001","Industrial","Warehouse","DMR/C 65/65-85","DMR","PRIVATE",0,1957,1000,1311000,NA,NA,NA,"fair",0.75,8.33,5.35,4.17,3.94,"n/a",0,0,0,0,0,"no",0,0,0,0,0,NA,NA,NA,NA,NA,NA,NA,NA,NA,NA,NA,NA,NA,NA,NA,NA,NA,NA,NA,"N",0,0,0,0,0,NA,NA,NA,NA,NA,NA,NA,NA,0.5,0.5,5.56,7.14,8.34,7.89,NA,NA,NA,NA,5.35,0,0,NA,NA,NA,0,NA,7.14,NA
"67","5391600225","ASIAN COUNSELING AND REFERRAL SERVICE","VACANT - UNBUILDABLE PARCEL","919 S KING ST","S KING ST",0,"404","Vacant","Vacant(Commercial)","DMR/C 65/65-150","DMR","PRIVATE",0,0,0,38300,NA,NA,NA,"good",0,0,0,0,0,"n/a",0,0,0,0,0,"no",0,0,0,0,0,NA,NA,NA,NA,NA,NA,NA,NA,NA,NA,NA,NA,NA,NA,NA,NA,NA,NA,NA,"N",0,0,0,0,0,NA,NA,NA,NA,NA,NA,NA,NA,0,0,0,0,0,0,NA,NA,NA,NA,0,0,0,NA,NA,NA,0,NA,0,NA
"68","5391600220","CHINESE SOUTHERN BAPTIST CH","CHINESE BAPTIST CHURCH","925 S KING ST","925  S KING ST",5240,"5928","Major Institution And Public Facilities/Utilities","Church/Welfare/Relig Srvc","DMR/C 65/65-150","DMR","PRIVATE",0,1965,170500,590900,NA,NA,NA,"good",0,0,0,0,0,"n/a",0,0,0,0,0,"no",0,0,0,0,0,NA,NA,NA,NA,NA,NA,NA,NA,NA,NA,NA,NA,NA,NA,NA,NA,NA,NA,NA,"N",0,0,0,0,0,NA,NA,NA,NA,NA,NA,NA,NA,0,0,0,0,0,0,NA,NA,NA,NA,0,0,0,NA,NA,NA,0,NA,0,NA
"69","5391600270","FOOD BANK & CHURCH OFFICE","FOOD BANK & CHURCH OFFICE","515 10TH AVE S","515   10TH AVE S",3536,"2017","Commercial/Mixed-Use","Office Building","DMR/C 65/65-150","DMR","PRIVATE",0,2009,458100,199500,NA,NA,NA,"good",0,0,0,0,0,"n/a",0,0,0,0,0,"no",0,0,0,0,0,NA,NA,NA,NA,NA,NA,NA,NA,NA,NA,NA,NA,NA,NA,NA,NA,NA,NA,NA,"N",0,0,0,0,0,NA,NA,NA,NA,NA,NA,NA,NA,0,0,0,0,0,0,NA,NA,NA,NA,0,0,0,NA,NA,NA,0,NA,0,NA
"70","8591900145","VIET WAH","VIET WAH SUPERMARKET AND SAIGON BISTRO RESTAURANT","1032 S JACKSON ST","1032  S JACKSON ST",34815,"80206","Commercial/Mixed-Use","Retail Store","DMR/C 65/65-85","DMR","PRIVATE",0,1965,1000,7653900,NA,NA,NA,"good",0,0,0,0,0,"n/a",0,0,0,0,0,"no",0,0,0,0,0,1,10000,0,0,0,0,0,NA,NA,NA,NA,NA,NA,NA,NA,NA,NA,NA,NA,"N",0,0,0,0,0,NA,NA,NA,NA,NA,NA,NA,NA,0,0,0,0,0,0,NA,NA,NA,NA,0,0,0,0,NA,NA,0,NA,0,NA
"71","8591900170","RETAIL","RETAIL","303 12TH AVE S","303   12TH AVE S",6000,"5982","Commercial/Mixed-Use","Retail(Line/Strip)","DMR/C 65/65-85","DMR","PRIVATE",0,1959,316200,570000,NA,NA,NA,"good",0,0,0,0,0,"n/a",0,0,0,0,0,"no",0,0,0,0,0,2,14600,0,0,0,0,0,NA,NA,NA,NA,NA,NA,NA,NA,NA,NA,NA,NA,"N",0,0,0,0,0,NA,NA,NA,NA,NA,NA,NA,NA,0,0,0,0,0,0,NA,NA,NA,NA,0,0,0,0,NA,NA,0,NA,0,NA
"72","8591900045","JACKSON SQUARE","JACKSON SQUARE","1200 S JACKSON ST","1200  S JACKSON ST",13835,"23201","Commercial/Mixed-Use","Retail(Line/Strip)","DMR/C 65/65-85","DMR","PRIVATE",0,1990,373100,2195200,NA,NA,NA,"good",0,0,0,0,0,"n/a",0,0,0,0,0,"no",0,0,0,0,0,NA,NA,NA,NA,NA,NA,NA,NA,NA,NA,NA,NA,NA,NA,NA,NA,NA,NA,NA,"N",0,0,0,0,0,NA,NA,NA,NA,NA,NA,NA,NA,0,0,0,0,0,0,NA,NA,NA,NA,0,0,0,NA,NA,NA,0,NA,0,NA
"73","8170100005","ALLSTATE INSURANCE","WHOLESALE/MFG/WHSE","424 10TH AVE S","1001  S JACKSON ST",17250,"11227","Industrial","Warehouse","DMR/C 65/65-85","DMR","PRIVATE",0,1940,1000,1068700,NA,NA,NA,"good",0,0,0,0,0,"n/a",0,0,0,0,0,"no",0,0,0,0,0,NA,NA,NA,NA,NA,NA,NA,NA,NA,NA,NA,NA,NA,NA,NA,NA,NA,NA,NA,"N",0,0,0,0,0,NA,NA,NA,NA,NA,NA,NA,NA,1,1,11.11,14.28,16.68,15.78,NA,NA,NA,NA,0,0,0,NA,NA,NA,0,NA,14.28,NA
"74","8170100020","RETAIL/OFFICE BUILDING","RETAIL/OFFICE BUILDING (INCLUES ACCTS #817010-0015","1019 S JACKSON ST","1019  S JACKSON ST",4500,"2250","Commercial/Mixed-Use","Retail Store","DMR/C 65/65-85","DMR","PRIVATE",2,1932,302700,213700,NA,NA,NA,"good",0,0,0,0,0,"n/a",0,0,0,0,0,"no",0,0,0,0,0,NA,NA,NA,NA,NA,NA,NA,NA,NA,NA,NA,NA,NA,NA,NA,NA,NA,NA,NA,"N",0,0,0,0,0,NA,NA,NA,NA,NA,NA,NA,NA,1,1,11.11,14.28,16.68,15.78,NA,NA,NA,NA,0,0,0,NA,NA,NA,0,NA,14.28,NA
"75","8170100025","ACME POULTRY & EGG CO","ACME POULTRY & EGG CO","1025 S JACKSON ST",NA,6720,"7456","Industrial","Warehouse","DMR/C 65/65-85","DMR","PRIVATE",0,1919,1000,698200,NA,NA,NA,"fair",0.75,8.33,5.35,4.17,3.94,"n/a",0,0,0,0,0,"no",0,0,0,0,0,NA,NA,NA,NA,NA,NA,NA,NA,NA,NA,NA,NA,NA,NA,NA,NA,NA,NA,NA,"Y",1,11.11,7.14,5.56,5.26,NA,NA,NA,NA,NA,NA,NA,NA,1,1,11.11,14.28,16.68,15.78,NA,NA,NA,NA,5.35,0,0,NA,NA,NA,7.14,NA,14.28,NA
"76","8170100035","WAREHOUSE","WAREHOUSE","1033 S JACKSON ST","1033  S JACKSON ST",4400,"5368","Industrial","Warehouse","DMR/C 65/65-85","DMR","PRIVATE",0,1918,1000,498700,NA,NA,NA,"fair",0.75,8.33,5.35,4.17,3.94,"n/a",0,0,0,0,0,"no",0,0,0,0,0,NA,NA,NA,NA,NA,NA,NA,NA,NA,NA,NA,NA,NA,NA,NA,NA,NA,NA,NA,"Y",1,11.11,7.14,5.56,5.26,NA,NA,NA,NA,NA,NA,NA,NA,0,0,0,0,0,0,NA,NA,NA,NA,5.35,0,0,NA,NA,NA,7.14,NA,0,NA
"77","8170100085","ACME POULTRY & EGG CO","ACME POULTRY AND EGG CO","1024 S KING ST","1024  S KING ST",8442,"9000","Industrial","Warehouse","DMR/C 65/65-85","DMR","PRIVATE",0,1946,1000,855000,NA,NA,NA,"fair",0.75,8.33,5.35,4.17,3.94,"n/a",0,0,0,0,0,"no",0,0,0,0,0,NA,NA,NA,NA,NA,NA,NA,NA,NA,NA,NA,NA,NA,NA,NA,NA,NA,NA,NA,"Y",1,11.11,7.14,5.56,5.26,NA,NA,NA,NA,NA,NA,NA,NA,1,1,11.11,14.28,16.68,15.78,NA,NA,NA,NA,5.35,0,0,NA,NA,NA,7.14,NA,14.28,NA
"78","8170100205","RISING PRODUCE","Rising Produce","1005 S KING ST","1005  S KING ST",11400,"12015","Industrial","Warehouse","DMR/C 65/65-150","DMR","PRIVATE",0,1980,1000,1140000,NA,NA,NA,"fair",0.75,8.33,5.35,4.17,3.94,"n/a",0,0,0,0,0,"no",0,0,0,0,0,3,33000,0,0,0,0,0,NA,NA,NA,NA,NA,NA,NA,NA,NA,NA,NA,NA,"N",0,0,0,0,0,NA,NA,NA,NA,NA,NA,NA,NA,1,1,11.11,14.28,16.68,15.78,NA,NA,NA,NA,5.35,0,0,0,NA,NA,0,NA,14.28,NA
"79","8170100295","WAREHOUSE","WAREHOUSE","1000 S WELLER ST","1000  S WELLER ST",22800,"23938","Industrial","Warehouse","DMR/C 65/65-150","DMR","PRIVATE",0,1960,1000,2280000,NA,NA,NA,"good",0,0,0,0,0,"n/a",0,0,0,0,0,"no",0,0,0,0,0,5,176269,0,0,0,0,0,NA,NA,NA,NA,NA,NA,NA,NA,NA,NA,NA,NA,"N",0,0,0,0,0,NA,NA,NA,NA,NA,NA,NA,NA,1,1,11.11,14.28,16.68,15.78,NA,NA,NA,NA,0,0,0,0,NA,NA,0,NA,14.28,NA
"80","8170100225","ASIAN COMMUNITY CENTER","ASIAN COMMUNITY CENTER","1025 S KING ST","1025  S KING ST",16783,"35965","Commercial/Mixed-Use","Auditorium//Assembly Bldg","DMR/C 65/65-150","DMR","PRIVATE",0,1994,1677300,3420000,NA,NA,NA,"good",0,0,0,0,0,"n/a",0,0,0,0,0,"no",0,0,0,0,0,4,3778123,-1,-11.11,-10.71,-8.34,-10.52,NA,NA,NA,NA,NA,NA,NA,NA,NA,NA,NA,NA,"N",0,0,0,0,0,NA,NA,NA,NA,NA,NA,NA,NA,1,1,11.11,14.28,16.68,15.78,NA,NA,NA,NA,0,0,0,-10.71,NA,NA,0,NA,14.28,NA
"81","8170100251","LUCKY AN DONG","OFFICE/WAREHOUSE","1041 S KING ST","501   12TH AVE S",4635,"4806","Industrial","Warehouse","DMR/C 65/65-150","DMR","PRIVATE",0,1990,116400,456000,NA,NA,NA,"good",0,0,0,0,0,"n/a",0,0,0,0,0,"no",0,0,0,0,0,1,0,0,0,0,0,0,NA,NA,NA,NA,NA,NA,NA,NA,NA,NA,NA,NA,"N",0,0,0,0,0,NA,NA,NA,NA,NA,NA,NA,NA,0,0,0,0,0,0,NA,NA,NA,NA,0,0,0,0,NA,NA,0,NA,0,NA
"82","8170100115","RETAIL/WAREHOUSE","RETAIL/WAREHOUSE","1201 S JACKSON ST","1201  S JACKSON ST",5500,"5487","Commercial/Mixed-Use","Retail Store","DMR/C 65/65-85","DMR","PRIVATE",0,1979,282100,530400,NA,NA,NA,"good",0,0,0,0,0,"n/a",0,0,0,0,0,"no",0,0,0,0,0,NA,NA,NA,NA,NA,NA,NA,NA,NA,NA,NA,NA,NA,NA,NA,NA,NA,NA,NA,"N",0,0,0,0,0,NA,NA,NA,NA,NA,NA,NA,NA,0,0,0,0,0,0,NA,NA,NA,NA,0,0,0,NA,NA,NA,0,NA,0,NA
"83","8170100125","DING HOW SHOPPING CENTER","DING HOW SHOPPING CENTER (SAME OWNERSHIP W/ACCTS #","1207 S JACKSON ST","S JACKSON ST",0,"11183","Commercial/Mixed-Use","Retail Store","DMR/C 65/65-85","DMR","PRIVATE",0,0,0,1075200,NA,NA,NA,"good",0,0,0,0,0,"n/a",0,0,0,0,0,"no",0,0,0,0,0,5,776471,0,0,0,0,0,NA,NA,NA,NA,NA,NA,NA,NA,NA,NA,NA,NA,"N",0,0,0,0,0,NA,NA,NA,NA,NA,NA,NA,NA,0,0,0,0,0,0,NA,NA,NA,NA,0,0,0,0,NA,NA,0,NA,0,NA
"84","8170100195","HAU HAU SHOPPING CENTER","HOW HOW SHOPPING CENTER","412 12TH AVE S","412   12TH AVE S",17346,"12035","Commercial/Mixed-Use","Retail Store","DMR/C 65/65-85","DMR","PRIVATE",0,1997,2071000,1140000,NA,NA,NA,"fair",0.75,8.33,5.35,4.17,3.94,"n/a",0,0,0,0,0,"no",0,0,0,0,0,5,776471,0,0,0,0,0,NA,NA,NA,NA,NA,NA,NA,NA,NA,NA,NA,NA,"N",0,0,0,0,0,NA,NA,NA,NA,NA,NA,NA,NA,0,0,0,0,0,0,NA,NA,NA,NA,5.35,0,0,0,NA,NA,0,NA,0,NA
"85","8170100185","NVC MEMORIAL HALL","NVC MEMORIAL HALL","1212 S KING ST","1212  S KING ST",7203,"12000","Major Institution And Public Facilities/Utilities","Club","DMR/C 65/65-85","DMR","PRIVATE",0,2000,406800,1140000,NA,NA,NA,"good",0,0,0,0,0,"n/a",0,0,0,0,0,"no",0,0,0,0,0,NA,NA,NA,NA,NA,NA,NA,NA,NA,NA,NA,NA,NA,NA,NA,NA,NA,NA,NA,"N",0,0,0,0,0,NA,NA,NA,NA,NA,NA,NA,NA,1,1,11.11,14.28,16.68,15.78,NA,NA,NA,NA,0,0,0,NA,NA,NA,0,NA,14.28,NA
"86","8170100316","DUPLEX",NA,"500 12TH AVE S","500   12TH AVE S",3310,"5000","Multi-Family","Duplex","DMR/C 65/65-150","DMR","PRIVATE",2,1900,36000,286000,"Market-based",NA,NA,"fair",0.75,8.33,5.35,4.17,3.94,"n/a",0,0,0,0,0,"no",0,0,0,0,0,NA,NA,NA,NA,NA,NA,NA,NA,NA,NA,NA,NA,NA,NA,NA,NA,NA,NA,NA,"N",0,0,0,0,0,NA,NA,NA,NA,NA,NA,NA,NA,0,0,0,0,0,0,NA,NA,NA,NA,5.35,0,0,NA,NA,NA,0,NA,0,NA
"87","8170100315","CANTON NOODLE HOUSE","CHINESE REST. W \ APTS.","504 12TH AVE S","504   12TH AVE S",3240,"7000","Commercial/Mixed-Use","Retail Store","DMR/C 65/65-150","DMR","PRIVATE",0,1960,1000,665000,NA,NA,NA,"good",0,0,0,0,0,"n/a",0,0,0,0,0,"no",0,0,0,0,0,NA,NA,NA,NA,NA,NA,NA,NA,NA,NA,NA,NA,NA,NA,NA,NA,NA,NA,NA,"N",0,0,0,0,0,NA,NA,NA,NA,NA,NA,NA,NA,0,0,0,0,0,0,NA,NA,NA,NA,0,0,0,NA,NA,NA,0,NA,0,NA
"88","8170100325","ART GLASS","ART GLASS","1211 S KING ST","1211  S KING ST",2250,"6000","Commercial/Mixed-Use","Office Building","DMR/C 65/65-150","DMR","PRIVATE",0,1940,1000,570000,NA,NA,NA,"good",0,0,0,0,0,"n/a",0,0,0,0,0,"no",0,0,0,0,0,1,0,0,0,0,0,0,NA,NA,NA,NA,NA,NA,NA,NA,NA,NA,NA,NA,"N",0,0,0,0,0,NA,NA,NA,NA,NA,NA,NA,NA,0,0,0,0,0,0,NA,NA,NA,NA,0,0,0,0,NA,NA,0,NA,0,NA
"89","8170100385","ROYAL GLASS","ROYAL GLASS","1214 S WELLER ST","1214  S WELLER ST",10800,"11971","Industrial","Warehouse","DMR/C 65/65-150","DMR","PRIVATE",0,1970,1000,1140000,NA,NA,NA,"good",0,0,0,0,0,"n/a",0,0,0,0,0,"no",0,0,0,0,0,1,0,0,0,0,0,0,NA,NA,NA,NA,NA,NA,NA,NA,NA,NA,NA,NA,"N",0,0,0,0,0,NA,NA,NA,NA,NA,NA,NA,NA,0,0,0,0,0,0,NA,NA,NA,NA,0,0,0,0,NA,NA,0,NA,0,NA
"90","8170100330","LAM'S ASIAN MARKET","LAM'S ASIAN MARKET","1221 S KING ST","1221  S KING ST",6336,"18000","Commercial/Mixed-Use","Retail Store","DMR/C 65/65-150","DMR","PRIVATE",0,1999,1000,1710000,NA,NA,NA,"good",0,0,0,0,0,"n/a",0,0,0,0,0,"no",0,0,0,0,0,1,371081,0,0,0,0,0,NA,NA,NA,NA,NA,NA,NA,NA,NA,NA,NA,NA,"N",0,0,0,0,0,NA,NA,NA,NA,NA,NA,NA,NA,0,0,0,0,0,0,NA,NA,NA,NA,0,0,0,0,NA,NA,0,NA,0,NA
"91","8170100380","INTERNATIONAL DISTRIBUTION WAREHOUSE","INTERNATIONAL DISTRIBUTION WAREHOUSE","1222 S WELLER ST","1222  S WELLER ST",19216,"11973","Industrial","Industrial(Lignt)","DMR/C 65/65-150","DMR","PRIVATE",0,2000,1059900,1140000,NA,NA,NA,"good",0,0,0,0,0,"n/a",0,0,0,0,0,"no",0,0,0,0,0,1,153458,0,0,0,0,0,NA,NA,NA,NA,NA,NA,NA,NA,NA,NA,NA,NA,"N",0,0,0,0,0,NA,NA,NA,NA,NA,NA,NA,NA,0,0,0,0,0,0,NA,NA,NA,NA,0,0,0,0,NA,NA,0,NA,0,NA
"92","7134300005","GOODWILL","GOODWILL - EXEMPT","1400 S LANE ST","1400  S LANE ST",119045,"142857","Commercial/Mixed-Use","Retail Store","DMC 85/65-150","DMC","PRIVATE",0,1980,1000,13571400,NA,NA,NA,"good",0,0,0,0,0,"n/a",0,0,0,0,0,"no",0,0,0,0,0,3,170000,0,0,0,0,0,NA,NA,NA,NA,NA,NA,NA,NA,NA,NA,NA,NA,"N",0,0,0,0,0,NA,NA,NA,NA,NA,NA,NA,NA,0,0,0,0,0,0,NA,NA,NA,NA,0,0,0,0,NA,NA,0,NA,0,NA
"93","3320500120","OFFICE","OFFICE","1312 S WELLER ST","1312  S WELLER ST",2105,"4428","Commercial/Mixed-Use","Office Building","DMR/C 65/65-150","DMR","PRIVATE",0,1990,168700,386600,NA,NA,NA,"good",0,0,0,0,0,"n/a",0,0,0,0,0,"no",0,0,0,0,0,NA,NA,NA,NA,NA,NA,NA,NA,NA,NA,NA,NA,NA,NA,NA,NA,NA,NA,NA,"N",0,0,0,0,0,NA,NA,NA,NA,NA,NA,NA,NA,0,0,0,0,0,0,NA,NA,NA,NA,0,0,0,NA,NA,NA,0,NA,0,NA
"94","0524049001","QUESTAR RADIO","QUESTAR RADIO","1300 S WELLER ST","1300  S WELLER ST",5904,"13880","Industrial","Warehouse","DMR/C 65/65-150","DMR","PRIVATE",0,1990,1000,1297000,NA,NA,NA,"good",0,0,0,0,0,"n/a",0,0,0,0,0,"no",0,0,0,0,0,NA,NA,NA,NA,NA,NA,NA,NA,NA,NA,NA,NA,NA,NA,NA,NA,NA,NA,NA,"N",0,0,0,0,0,NA,NA,NA,NA,NA,NA,NA,NA,0,0,0,0,0,0,NA,NA,NA,NA,0,0,0,NA,NA,NA,0,NA,0,NA
"95","8591900076","PHO VIET","PHO BAC(ASSOC PARKING LOT IS ON ACCT #332000-0145)","1240 S JACKSON ST","1240  S JACKSON ST",2450,"4390","Commercial/Mixed-Use","Retail Store","DMR/C 65/65-85","DMR","PRIVATE",0,1980,23100,380000,NA,NA,NA,"good",0,0,0,0,0,"n/a",0,0,0,0,0,"no",0,0,0,0,0,1,0,0,0,0,0,0,NA,NA,NA,NA,NA,NA,NA,NA,NA,NA,NA,NA,"N",0,0,0,0,0,NA,NA,NA,NA,NA,NA,NA,NA,0,0,0,0,0,0,NA,NA,NA,NA,0,0,0,0,NA,NA,0,NA,0,NA
"96","3320000570","SEATTLE AUTOMOTIVE DISTRIBUTING","SEATTLE AUTOMOTIVE DISTRIBUTING","1264 S KING ST","1264  S KING ST",8832,"10833","Industrial","Warehouse","DMR/C 65/65-85","DMR","PRIVATE",0,1960,1000,1037800,NA,NA,NA,"good",0,0,0,0,0,"n/a",0,0,0,0,0,"no",0,0,0,0,0,NA,NA,NA,NA,NA,NA,NA,NA,NA,NA,NA,NA,NA,NA,NA,NA,NA,NA,NA,"N",0,0,0,0,0,NA,NA,NA,NA,NA,NA,NA,NA,0,0,0,0,0,0,NA,NA,NA,NA,0,0,0,NA,NA,NA,0,NA,0,NA
"97","3320000510","WASHINGTON ALARM","WASHINGTON BURGLAR ALARM","1253 S JACKSON ST","1253  S JACKSON ST",3380,"12772","Commercial/Mixed-Use","Office Building","DMR/C 65/65-85","DMR","PRIVATE",0,1998,1000,1206800,NA,NA,NA,"good",0,0,0,0,0,"n/a",0,0,0,0,0,"no",0,0,0,0,0,1,5000,0,0,0,0,0,NA,NA,NA,NA,NA,NA,NA,NA,NA,NA,NA,NA,"N",0,0,0,0,0,NA,NA,NA,NA,NA,NA,NA,NA,0,0,0,0,0,0,NA,NA,NA,NA,0,0,0,0,NA,NA,0,NA,0,NA
"98","8170100150","STRIP RETAIL STORES","STRIP RETAIL STORES","1237 S JACKSON ST","1237  S JACKSON ST",5310,"10365","Commercial/Mixed-Use","Retail(Line/Strip)","DMR/C 65/65-85","DMR","PRIVATE",0,1989,1000,983400,NA,NA,NA,"good",0,0,0,0,0,"n/a",0,0,0,0,0,"no",0,0,0,0,0,NA,NA,NA,NA,NA,NA,NA,NA,NA,NA,NA,NA,NA,NA,NA,NA,NA,NA,NA,"N",0,0,0,0,0,NA,NA,NA,NA,NA,NA,NA,NA,1,1,11.11,14.28,16.68,15.78,NA,NA,NA,NA,0,0,0,NA,NA,NA,0,NA,14.28,NA
"99","8170100165","VICTORIAN ROW APARTMENTS","VICTORIAN ROW","1234 S KING ST","1234  S KING ST",16881,"12000","Multi-Family","Apartment","DMR/C 65/65-85","DMR","PRIVATE",12,1970,650000,1140000,"Mission-based",500,"Formal Affordable","good",0,0,0,0,0,"n/a",0,0,0,0,0,"no",0,0,0,0,0,NA,NA,NA,NA,NA,NA,NA,1,1,11.11,7.14,5.56,5.26,NA,NA,NA,NA,NA,NA,"N",0,0,0,0,0,NA,NA,NA,NA,NA,NA,NA,NA,0,0,0,0,0,0,NA,NA,NA,NA,0,0,0,NA,7.14,NA,0,NA,0,NA
"100","8170100345","OLD RESIDENCE DUPLEX /VIDEO STORE","Old Residence Duplex /Video Store","1235 S KING ST","1235  S KING ST",1450,"6000","Commercial/Mixed-Use","Retail Store","DMR/C 65/65-150","DMR","PRIVATE",0,1950,1000,570000,NA,NA,NA,"good",0,0,0,0,0,"n/a",0,0,0,0,0,"no",0,0,0,0,0,4,50100,0,0,0,0,0,NA,NA,NA,NA,NA,NA,NA,NA,NA,NA,NA,NA,"N",0,0,0,0,0,NA,NA,NA,NA,NA,NA,NA,NA,0,0,0,0,0,0,NA,NA,NA,NA,0,0,0,0,NA,NA,0,NA,0,NA
"101","8170100350","KINGS ORIENTAL FOODS CO.","Kings Oriental Foods Co.","1239 S KING ST","1239  S KING ST",25840,"21381","Industrial","Warehouse","DMR/C 65/65-150","DMR","PRIVATE",0,1960,1000,2010000,NA,NA,NA,"good",0,0,0,0,0,"n/a",0,0,0,0,0,"no",0,0,0,0,0,NA,NA,NA,NA,NA,NA,NA,NA,NA,NA,NA,NA,NA,NA,NA,NA,NA,NA,NA,"N",0,0,0,0,0,NA,NA,NA,NA,NA,NA,NA,NA,0,0,0,0,0,0,NA,NA,NA,NA,0,0,0,NA,NA,NA,0,NA,0,NA
"102","3320500010","SINGLE-FAMILY HOME",NA,"1251 S KING ST","1251  S KING ST",2520,"4113","Single Family","Single Family(C/I Zone)","DMR/C 65/65-150","DMR","PRIVATE",1,1912,144000,202000,NA,NA,NA,"fair",0.75,8.33,5.35,4.17,3.94,"n/a",0,0,0,0,0,"no",0,0,0,0,0,NA,NA,NA,NA,NA,NA,NA,NA,NA,NA,NA,NA,NA,NA,NA,NA,NA,NA,NA,"N",0,0,0,0,0,NA,NA,NA,NA,NA,NA,NA,NA,0,0,0,0,0,0,NA,NA,NA,NA,5.35,0,0,NA,NA,NA,0,NA,0,NA
"103","3320500025","SINGLE-FAMILY HOME",NA,"1261 S KING ST","1261  S KING ST",2240,"4347","Single Family","Single Family(Res Use/Zone)","DMR/C 65/65-150","DMR","PRIVATE",1,1930,54000,252000,NA,NA,NA,"good",0,0,0,0,0,"n/a",0,0,0,0,0,"no",0,0,0,0,0,1,811353,0,0,0,0,0,NA,NA,NA,NA,NA,NA,NA,NA,NA,NA,NA,NA,"N",0,0,0,0,0,NA,NA,NA,NA,NA,NA,NA,NA,0,0,0,0,0,0,NA,NA,NA,NA,0,0,0,0,NA,NA,0,NA,0,NA
"104","3320500030","R S AUTO REPAIR","R S AUTO REPAIR","1265 S KING ST","1265  S KING ST",4800,"9154","Commercial/Mixed-Use","Service Building","DMR/C 65/65-150","DMR","PRIVATE",0,1948,1000,836000,NA,NA,NA,"fair",0.75,8.33,5.35,4.17,3.94,"n/a",0,0,0,0,0,"no",0,0,0,0,0,1,0,0,0,0,0,0,NA,NA,NA,NA,NA,NA,NA,NA,NA,NA,NA,NA,"N",0,0,0,0,0,NA,NA,NA,NA,NA,NA,NA,NA,0,0,0,0,0,0,NA,NA,NA,NA,5.35,0,0,0,NA,NA,0,NA,0,NA
"105","3320500040","SUBSTATION","SUBSTATION-EXEMPT","1269 S KING ST","1269  S KING ST",0,"8523","Major Institution And Public Facilities/Utilities","Utility, Public","DMR/C 65/65-150","DMR","PUBLIC",0,0,0,796100,NA,NA,NA,"good",0,0,0,0,0,"n/a",0,0,0,0,0,"no",0,0,0,0,0,NA,NA,NA,NA,NA,NA,NA,NA,NA,NA,NA,NA,NA,NA,NA,NA,NA,NA,NA,"N",0,0,0,0,0,NA,NA,NA,NA,NA,NA,NA,NA,0,0,0,0,0,0,NA,NA,NA,NA,0,0,0,NA,NA,NA,0,NA,0,NA
"106","3320500045","CHAU AUTO REPAIR","FISHING &TACKLE","509 RAINIER AVE S","501   RAINIER AVE S",2795,"6097","Commercial/Mixed-Use","Retail Store","DMR/C 65/65-150","DMR","PRIVATE",0,1970,1000,570000,NA,NA,NA,"fair",0.75,8.33,5.35,4.17,3.94,"n/a",0,0,0,0,0,"no",0,0,0,0,0,NA,NA,NA,NA,NA,NA,NA,NA,NA,NA,NA,NA,NA,NA,NA,NA,NA,NA,NA,"N",0,0,0,0,0,NA,NA,NA,NA,NA,NA,NA,NA,0,0,0,0,0,0,NA,NA,NA,NA,5.35,0,0,NA,NA,NA,0,NA,0,NA
"107","5247802740","NEW AMERICAN HOTEL","NEW AMERICAN HOTEL","420 7TH AVE S","420   7TH AVE S",23010,"7680","Multi-Family","Rooming House","IDM-75-85","IDM","PRIVATE",0,1970,1824500,921600,"Market-based",380,"Informal Affordable - low","fair",0.75,8.33,5.35,4.17,3.94,"no",1,11.11,14.28,16.68,15.78,"yes",1,11.11,14.28,16.68,15.78,NA,NA,NA,NA,NA,NA,NA,NA,NA,NA,NA,NA,NA,100,0,0,0,0,0,"N",0,0,0,0,0,NA,NA,NA,NA,NA,NA,NA,NA,1,1,11.11,14.28,16.68,15.78,41.66,48.19,54.21,51.28,5.35,14.28,14.28,NA,NA,0,0,NA,14.28,48.19
"108","5247801985","FAR EAST BUILDING","FAR EAST BUILDING","614 S JACKSON ST","614  S JACKSON ST",20108,"5405","Commercial/Mixed-Use","Apartment(Mixed Use)","IDM-75-85","IDM","PRIVATE",0,1973,2422500,648000,"Market-based",1100,"Market Rate","good",0,0,0,0,0,"yes or exempt",0,0,0,0,0,"yes",1,11.11,14.28,16.68,15.78,1,0,0,0,0,0,0,NA,NA,NA,NA,NA,NA,100,0,0,0,0,0,"N",0,0,0,0,0,"2008-09-30",3098500,0,0,0,0,0,0,0,0,0,0,0,0,NA,NA,NA,NA,0,0,14.28,0,NA,0,0,0,0,NA
"109","5247802065","WASHINGTON TERRACE APTS","Washington Terrace Apts","120 6TH AVE S","609   YESLER WAY",107312,"21548","Multi-Family","Apartment(Subsidized)","IDR 150","IDR","PRIVATE",136,2005,29384000,2916000,"Mission-based",800,"Formal Affordable","good",0,0,0,0,0,"n/a",0,0,0,0,0,"no",0,0,0,0,0,NA,NA,NA,NA,NA,NA,NA,NA,NA,NA,NA,NA,NA,NA,NA,NA,NA,NA,NA,"N",0,0,0,0,0,"2004-09-27",2500000,0,0,0,0,0,0,0,0,0,0,0,0,NA,NA,NA,NA,0,0,0,NA,NA,NA,0,0,0,NA
"110","5247801835","THE COPY COMPANY TCC","THE COPY COMPANY (TCC)","612 6TH AVE S","612   6TH AVE S",9600,"9599","Industrial","Industrial(Lignt)","IDM 75/85-150","IDM","PRIVATE",0,1975,1000,1296000,NA,NA,NA,"good",0,0,0,0,0,"n/a",0,0,0,0,0,"no",0,0,0,0,0,NA,NA,NA,NA,NA,NA,NA,NA,NA,NA,NA,NA,NA,NA,NA,NA,NA,NA,NA,"N",0,0,0,0,0,NA,NA,NA,NA,NA,NA,NA,NA,0,0,0,0,0,0,NA,NA,NA,NA,0,0,0,NA,NA,NA,0,NA,0,NA
"111","8809700000","UNION STATION CONDOMINIUM","UNION STATION CONDOMINIUM-","705 5TH AVE S","401  S JACKSON ST",1374337,"337094","Commercial/Mixed-Use","Condominium(Mixed Use)","IDM-65-150","IDM","PRIVATE",0,2000,222816700,45730700,NA,NA,NA,"good",0,0,0,0,0,"n/a",0,0,0,0,0,"no",0,0,0,0,0,12,1533944,-1,-11.11,-10.71,-8.34,-10.52,NA,NA,NA,NA,NA,NA,NA,NA,NA,NA,NA,NA,"N",0,0,0,0,0,NA,NA,NA,NA,NA,NA,NA,NA,0,0,0,0,0,0,NA,NA,NA,NA,0,0,0,-10.71,NA,NA,0,NA,0,NA
"112","7669800004","UNION STATION PHASE II GARAGE","UNION STATION PHASE II GARAGE","820 4TH AVE S",NA,239720,"42946","Commercial/Mixed-Use","Parking(Garage)","IDM 150/85-150","IDM","PRIVATE",0,1999,11230900,5894100,NA,NA,NA,"good",0,0,0,0,0,"n/a",0,0,0,0,0,"no",0,0,0,0,0,NA,NA,NA,NA,NA,NA,NA,NA,NA,NA,NA,NA,NA,NA,NA,NA,NA,NA,NA,"N",0,0,0,0,0,NA,NA,NA,NA,NA,NA,NA,NA,0,0,0,0,0,0,NA,NA,NA,NA,0,0,0,NA,NA,NA,0,NA,0,NA
"113","5247802590","SFR HOUSE ON COMMERCIAL VACANT LAND","SFR HOUSE ON COMMERCIAL VACANT LAND","610 7TH AVE S","610   7TH AVE S",1810,"2141","Single Family","Single Family(C/I Zone)","IDM 75/85-150","IDM","PRIVATE",1,1995,208000,127000,NA,NA,NA,"good",0,0,0,0,0,"n/a",0,0,0,0,0,"no",0,0,0,0,0,NA,NA,NA,NA,NA,NA,NA,NA,NA,NA,NA,NA,NA,NA,NA,NA,NA,NA,NA,"N",0,0,0,0,0,"2002-03-22",300000,0,0,0,0,0,0,0,0,0,0,0,0,NA,NA,NA,NA,0,0,0,NA,NA,NA,0,0,0,NA
"114","5247802050","TICINO APARTMENTS","TICINO APARTMENTS","100 6TH AVE S","100   6TH AVE S",27600,"7202","Multi-Family","Apartment","IDR 150","IDR","PRIVATE",44,1980,4728000,972000,"Market-based",1110,"Market Rate","good",0,0,0,0,0,"no info",0,0,0,0,0,"yes",1,11.11,14.28,16.68,15.78,NA,NA,NA,NA,NA,NA,NA,NA,NA,NA,NA,NA,NA,100,0,0,0,0,0,"N",0,0,0,0,0,"2001-06-27",2145660,3,1,11.11,14.28,16.68,15.78,0,0,0,0,0,0,NA,NA,NA,NA,0,0,14.28,NA,NA,0,0,14.28,0,NA
"115","5247801370","ADDISON","ADDISON (formerly Downtowner)","308 4TH AVE S","308   4TH AVE S",133690,"17247","Commercial/Mixed-Use","Apartment(Mixed Use)","IDR/C 125/150-240","IDR","PRIVATE",252,1980,16572600,2150400,"Market-based",942,"Informal Affordable - moderate","good",0,0,0,0,0,"yes or exempt",0,0,0,0,0,"no",0,0,0,0,0,9,4537845,-1,-11.11,-10.71,-8.34,-10.52,NA,NA,NA,NA,NA,NA,100,0,0,0,0,0,"N",0,0,0,0,0,"2012-06-06",12517655,3,1,11.11,14.28,16.68,15.78,0,0,0,0,0,0,0,3.57,8.34,5.26,0,0,0,-10.71,NA,0,0,14.28,0,3.57
"116","5247802260","C&T BUILDING","C & T BLDG","650 S JACKSON ST","650  S JACKSON ST",24550,"12609","Commercial/Mixed-Use","Retail Store","IDM-75-85","IDM","PRIVATE",0,1970,1783800,1512000,"Mission-based",NA,"Formal Affordable","good",0,0,0,0,0,"n/a",0,0,0,0,0,"yes",1,11.11,14.28,16.68,15.78,NA,NA,NA,NA,NA,NA,NA,NA,NA,NA,NA,NA,NA,NA,NA,NA,NA,NA,NA,"N",0,0,0,0,0,"1983-02-08",500000,0,0,0,0,0,0,0,0,0,0,0,0,NA,NA,NA,NA,0,0,14.28,NA,NA,NA,0,0,0,NA
"117","5247802295","EVERGREEN HOTEL","EVERGREEN HOTEL BUILDING","400 MAYNARD AVE S","400   MAYNARD AVE S",21600,"8159","Commercial/Mixed-Use","Apartment(Mixed Use)","IDM-75-85","IDM","PRIVATE",16,1980,2051900,979200,"Market-based",NA,"Information Unavailable","good",0,0,0,0,0,"yes or exempt",0,0,0,0,0,"yes",1,11.11,14.28,16.68,15.78,NA,NA,NA,NA,NA,NA,NA,NA,NA,NA,NA,NA,NA,100,0,0,0,0,0,"N",0,0,0,0,0,NA,NA,NA,NA,NA,NA,NA,NA,0,0,0,0,0,0,11.11,14.28,16.68,15.78,0,0,14.28,NA,NA,0,0,NA,0,14.28
"118","5247801935","US POST OFFICE","US POST OFFICE","414 6TH AVE S","414   6TH AVE S",9720,"13323","Parks/Open Space/Cemeteries","Park, Public(Zoo/Arbor)","IDM-75-85","IDM","CITY OF SEATTLE",0,1970,360100,1332000,NA,NA,NA,"good",0,0,0,0,0,"n/a",0,0,0,0,0,"no",0,0,0,0,0,2,1000000,0,0,0,0,0,NA,NA,NA,NA,NA,NA,NA,NA,NA,NA,NA,NA,"N",0,0,0,0,0,"2003-09-15",1000000,0,0,0,0,0,0,0,0,0,0,0,0,NA,NA,NA,NA,0,0,0,0,NA,NA,0,0,0,NA
"119","5247801655","PUBLIX HOTEL","PUBLIX HOTEL","504 5TH AVE S","504   5TH AVE S",40780,"7231","Multi-Family","Rooming House","IDM-75-85","IDM","PRIVATE",0,1955,1000,864000,"Market-based",900,"Informal Affordable - moderate","good",0,0,0,0,0,"n/a",0,0,0,0,0,"yes",1,11.11,14.28,16.68,15.78,2,15791945,-1,-11.11,-10.71,-8.34,-10.52,NA,NA,NA,NA,NA,NA,NA,NA,NA,NA,NA,NA,"N",0,0,0,0,0,NA,NA,NA,NA,NA,NA,NA,NA,0.5,0.5,5.56,7.14,8.34,7.89,5.56,10.71,16.68,13.15,0,0,14.28,-10.71,NA,NA,0,NA,7.14,10.71
"120","5247802715","WING LUKE MUSEUM","Wing Luke Museum/KONG YICK Bldg.","723 S KING ST","723  S KING ST",72820,"14402","Commercial/Mixed-Use","Art Gallery/Museum/Soc Srvc","IDM-75-85","IDM","PRIVATE",0,2006,11637300,1728000,NA,NA,NA,"good",0,0,0,0,0,"n/a",0,0,0,0,0,"no",0,0,0,0,0,1,150000,0,0,0,0,0,NA,NA,NA,NA,NA,NA,NA,NA,NA,NA,NA,NA,"N",0,0,0,0,0,"2003-10-16",2000000,0,0,0,0,0,0,0,0,0,0,0,0,NA,NA,NA,NA,0,0,0,0,NA,NA,0,0,0,NA
"121","8170100405","JAMES BRINKLEY CO","JAMES BRINKLEY CO","1001 S WELLER ST","1001  S WELLER ST",1296,"6287","Commercial/Mixed-Use","Office Building","DMC 85/65-150","DMC","PRIVATE",0,1990,1000,570000,NA,NA,NA,"good",0,0,0,0,0,"n/a",0,0,0,0,0,"no",0,0,0,0,0,2,0,0,0,0,0,0,NA,NA,NA,NA,NA,NA,NA,NA,NA,NA,NA,NA,"N",0,0,0,0,0,NA,NA,NA,NA,NA,NA,NA,NA,0,0,0,0,0,0,NA,NA,NA,NA,0,0,0,0,NA,NA,0,NA,0,NA
"122","8592400070","MEDICAL CLINIC & RETAIL",NA,"1212 S MAIN ST",NA,NA,NA,NA,NA,NA,NA,NA,NA,NA,NA,NA,NA,NA,NA,"good",0,0,0,0,0,"n/a",0,0,0,0,0,"no",0,0,0,0,0,NA,NA,NA,NA,NA,NA,NA,NA,NA,NA,NA,NA,NA,NA,NA,NA,NA,NA,NA,"N",0,0,0,0,0,NA,NA,NA,NA,NA,NA,NA,NA,0,0,0,0,0,0,NA,NA,NA,NA,0,0,0,NA,NA,NA,0,NA,0,NA
"123","5391600210","WAREHOUSE","WAREHOUSE","423 10TH AVE S","423   10TH AVE S",6136,"6697","Industrial","Warehouse","DMR/C 65/65-85","DMR","PRIVATE",0,1914,1000,638400,NA,NA,NA,"fair",0.75,8.33,5.35,4.17,3.94,"n/a",0,0,0,0,0,"no",0,0,0,0,0,NA,NA,NA,NA,NA,NA,NA,NA,NA,NA,NA,NA,NA,NA,NA,NA,NA,NA,NA,"N",0,0,0,0,0,NA,NA,NA,NA,NA,NA,NA,NA,0.5,0.5,5.56,7.14,8.34,7.89,NA,NA,NA,NA,5.35,0,0,NA,NA,NA,0,NA,7.14,NA
"124","8591900155","ASIAN PLAZA","ASIAN PLAZA","1046 S JACKSON ST","1046  S JACKSON ST",12030,"31568","Commercial/Mixed-Use","Retail(Line/Strip)","DMR/C 65/65-85","DMR","PRIVATE",0,1983,1000,2988800,NA,NA,NA,"good",0,0,0,0,0,"n/a",0,0,0,0,0,"no",0,0,0,0,0,2,14600,0,0,0,0,0,NA,NA,NA,NA,NA,NA,NA,NA,NA,NA,NA,NA,"N",0,0,0,0,0,NA,NA,NA,NA,NA,NA,NA,NA,0,0,0,0,0,0,NA,NA,NA,NA,0,0,0,0,NA,NA,0,NA,0,NA
"125","8170100045","JACKSON SHOPPING CENTER","JACKSON SHOPPING CENTER","1043 S JACKSON ST","1043  S JACKSON ST",7200,"14126","Commercial/Mixed-Use","Retail(Line/Strip)","DMR/C 65/65-85","DMR","PRIVATE",0,1989,1000,1357600,NA,NA,NA,"good",0,0,0,0,0,"n/a",0,0,0,0,0,"no",0,0,0,0,0,2,40000,0,0,0,0,0,NA,NA,NA,NA,NA,NA,NA,NA,NA,NA,NA,NA,"N",0,0,0,0,0,NA,NA,NA,NA,NA,NA,NA,NA,0,0,0,0,0,0,NA,NA,NA,NA,0,0,0,0,NA,NA,0,NA,0,NA
"126","8170100270","BUDDHIST CHURCH","BUDDHIST CHURCH","1042 S WELLER ST","1042  S WELLER ST",4536,"11985","Major Institution And Public Facilities/Utilities","Church/Welfare/Relig Srvc","DMR/C 65/65-150","DMR","PRIVATE",0,1975,163600,1140000,NA,NA,NA,"good",0,0,0,0,0,"n/a",0,0,0,0,0,"no",0,0,0,0,0,NA,NA,NA,NA,NA,NA,NA,NA,NA,NA,NA,NA,NA,NA,NA,NA,NA,NA,NA,"N",0,0,0,0,0,NA,NA,NA,NA,NA,NA,NA,NA,1,1,11.11,14.28,16.68,15.78,NA,NA,NA,NA,0,0,0,NA,NA,NA,0,NA,14.28,NA
"127","3320500085","SUN SUN ORIENTAL FOOD CO","SUN SUN ORIENTAL FOOD CO","1332 S WELLER ST","1332  S WELLER ST",13789,"24777","Industrial","Warehouse","DMR/C 65/65-150","DMR","PRIVATE",0,1994,1000,2180300,NA,NA,NA,"good",0,0,0,0,0,"n/a",0,0,0,0,0,"no",0,0,0,0,0,NA,NA,NA,NA,NA,NA,NA,NA,NA,NA,NA,NA,NA,NA,NA,NA,NA,NA,NA,"N",0,0,0,0,0,NA,NA,NA,NA,NA,NA,NA,NA,0,0,0,0,0,0,NA,NA,NA,NA,0,0,0,NA,NA,NA,0,NA,0,NA
"128","3320000555","STATE DRUGS","STATE DRUGS","421 RAINIER AVE S","421   RAINIER AVE S",9850,"8797","Commercial/Mixed-Use","Retail(Line/Strip)","DMR/C 65/65-85","DMR","PRIVATE",0,1970,609500,855000,NA,NA,NA,"fair",0.75,8.33,5.35,4.17,3.94,"n/a",0,0,0,0,0,"no",0,0,0,0,0,NA,NA,NA,NA,NA,NA,NA,NA,NA,NA,NA,NA,NA,NA,NA,NA,NA,NA,NA,"N",0,0,0,0,0,NA,NA,NA,NA,NA,NA,NA,NA,0.5,0.5,5.56,7.14,8.34,7.89,NA,NA,NA,NA,5.35,0,0,NA,NA,NA,0,NA,7.14,NA
"129","3320500005","SINGLE-FAMILY HOME",NA,"1247 S KING ST","1247  S KING ST",2010,"4768","Single Family","Single Family(C/I Zone)","DMR/C 65/65-150","DMR","PRIVATE",1,1912,84000,252000,NA,NA,NA,"good",0,0,0,0,0,"n/a",0,0,0,0,0,"no",0,0,0,0,0,NA,NA,NA,NA,NA,NA,NA,NA,NA,NA,NA,NA,NA,NA,NA,NA,NA,NA,NA,"N",0,0,0,0,0,NA,NA,NA,NA,NA,NA,NA,NA,0,0,0,0,0,0,NA,NA,NA,NA,0,0,0,NA,NA,NA,0,NA,0,NA
"130","5247801595","GOVERNOR APARTMENTS","GOVERNOR APARTMENTS","514 S JACKSON ST","514  S JACKSON ST",19954,"12623","Commercial/Mixed-Use","Retail Store","IDM-75-85","IDM","PRIVATE",20,1975,1405200,1512000,"Market-based",995,"Informal Affordable - moderate","good",0,0,0,0,0,"no info",0,0,0,0,0,"yes",1,11.11,14.28,16.68,15.78,NA,NA,NA,NA,NA,NA,NA,NA,NA,NA,NA,NA,NA,100,0,0,0,0,0,"N",0,0,0,0,0,"2006-08-29",3096000,0,0,0,0,0,0,0,0,0,0,0,0,11.11,14.28,16.68,15.78,0,0,14.28,NA,NA,0,0,0,0,14.28
"131","9820700095","TENOCH MEXICAN GRILL & MANILLA BAY","TENOCH MEXICAN GRILL & MANILLA BAY","206 5TH AVE S","206   5TH AVE S",4570,"7208","Commercial/Mixed-Use","Restaurant/Lounge","IDR 45/125-240","IDR","PRIVATE",0,1970,1000,1008000,NA,NA,NA,"good",0,0,0,0,0,"n/a",0,0,0,0,0,"no",0,0,0,0,0,NA,NA,NA,NA,NA,NA,NA,NA,NA,NA,NA,NA,NA,NA,NA,NA,NA,NA,NA,"N",0,0,0,0,0,NA,NA,NA,NA,NA,NA,NA,NA,0,0,0,0,0,0,NA,NA,NA,NA,0,0,0,NA,NA,NA,0,NA,0,NA
"132","9820700100","OFFICE BUILDING","OFFICE BUILDING","214 5TH AVE S","214   5TH AVE S",1870,"7208","Commercial/Mixed-Use","Office Building","IDR 45/125-240","IDR","PRIVATE",0,1968,1000,1008000,NA,NA,NA,"good",0,0,0,0,0,"n/a",0,0,0,0,0,"no",0,0,0,0,0,NA,NA,NA,NA,NA,NA,NA,NA,NA,NA,NA,NA,NA,NA,NA,NA,NA,NA,NA,"N",0,0,0,0,0,NA,NA,NA,NA,NA,NA,NA,NA,0,0,0,0,0,0,NA,NA,NA,NA,0,0,0,NA,NA,NA,0,NA,0,NA
"133","9820700090","ASCONA APTS","ASCONA APTS","200 5TH AVE S","200   5TH AVE S",40420,"7208","Multi-Family","Apartment(Subsidized)","IDR 45/125-240","IDR","PRIVATE",57,1979,5992000,1008000,"Market-based",900,"Informal Affordable - moderate","good",0,0,0,0,0,"yes or exempt",0,0,0,0,0,"yes",1,11.11,14.28,16.68,15.78,3,4200,0,0,0,0,0,1,1,11.11,7.14,5.56,5.26,100,0,0,0,0,0,"N",0,0,0,0,0,NA,NA,NA,NA,NA,NA,NA,NA,0,0,0,0,0,0,22.22,21.42,22.24,21.04,0,0,14.28,0,7.14,0,0,NA,0,21.42
"134","5247802325","MILWAUKEE HOTEL","MILWAUKEE HOTEL BLDG","664 S KING ST","664  S KING ST",66770,"14396","Commercial/Mixed-Use","Retail Store","IDM-75-85","IDM","PRIVATE",0,1961,983700,1728000,"Market-based",525,"Informal Affordable - low","good",0,0,0,0,0,"yes or exempt",0,0,0,0,0,"yes",1,11.11,14.28,16.68,15.78,2,0,0,0,0,0,0,NA,NA,NA,NA,NA,NA,100,0,0,0,0,0,"N",0,0,0,0,0,"2003-10-08",2750000,1,1,11.11,14.28,16.68,15.78,0,0,0,0,0,0,22.22,28.56,33.36,31.56,0,0,14.28,0,NA,0,0,14.28,0,28.56
"135","5247802375","OAK TIN APARTMENTS","GEE HOW OAK TIN","511 7TH AVE S","519   7TH AVE S",25600,"7201","Commercial/Mixed-Use","Apartment(Mixed Use)","IDM-75-85","IDM","PRIVATE",21,1974,2136000,864000,"Mission-based",NA,"Formal Affordable","good",0,0,0,0,0,"n/a",0,0,0,0,0,"yes",1,11.11,14.28,16.68,15.78,3,675000,0,0,0,0,0,NA,NA,NA,NA,NA,NA,100,0,0,0,0,0,"N",0,0,0,0,0,NA,NA,NA,NA,NA,NA,NA,NA,0,0,0,0,0,0,NA,NA,NA,NA,0,0,14.28,0,NA,0,0,NA,0,NA
"136","5247801606","DENTAL OFC","DENTAL OFC","307 6TH AVE S","307   6TH AVE S",1365,"3302","Commercial/Mixed-Use","Historic Prop(Office)","IDR 150","IDR","PRIVATE",0,1980,1000,445500,NA,NA,NA,"good",0,0,0,0,0,"n/a",0,0,0,0,0,"no",0,0,0,0,0,4,315000,0,0,0,0,0,NA,NA,NA,NA,NA,NA,NA,NA,NA,NA,NA,NA,"N",0,0,0,0,0,"1987-07-07",95000,0,0,0,0,0,0,0,0,0,0,0,0,NA,NA,NA,NA,0,0,0,0,NA,NA,0,0,0,NA
"137","5247801970","NP HOTEL","N P HOTEL & MANEKI RESTAURANT","306 6TH AVE S","306   6TH AVE S",34848,"7203","Multi-Family","Apartment(Subsidized)","IDR 150","IDR","PRIVATE",63,1980,7028000,972000,"Mission-based",500,"Formal Affordable","good",0,0,0,0,0,"yes or exempt",0,0,0,0,0,"yes",1,11.11,14.28,16.68,15.78,NA,NA,NA,NA,NA,NA,NA,1,1,11.11,7.14,5.56,5.26,100,0,0,0,0,0,"N",0,0,0,0,0,"1992-02-06",542600,1,1,11.11,14.28,16.68,15.78,0,0,0,0,0,0,NA,NA,NA,NA,0,0,14.28,NA,7.14,0,0,14.28,0,NA
"138","5247801990","INTERNATIONAL APTS","INTERNATIONAL APTS-53 UNITS","315 MAYNARD AVE S","315   MAYNARD AVE S",23200,"7204","Multi-Family","Apartment","IDM-75-85","IDM","PRIVATE",53,1964,3886000,864000,"Market-based",750,"Informal Affordable - moderate","good",0,0,0,0,0,"yes or exempt",0,0,0,0,0,"yes",1,11.11,14.28,16.68,15.78,NA,NA,NA,NA,NA,NA,NA,NA,NA,NA,NA,NA,NA,100,0,0,0,0,0,"N",0,0,0,0,0,NA,NA,NA,NA,NA,NA,NA,NA,1,1,11.11,14.28,16.68,15.78,22.22,28.56,33.36,31.56,0,0,14.28,NA,NA,0,0,NA,14.28,28.56
"139","5391600095","DON HEE APTS","DON HEE APTS (Same ownership with account #539160-","410 8TH AVE S","410   8TH AVE S",15580,"4445","Multi-Family","Apartment","IDM-75-85","IDM","PRIVATE",9,1965,1122700,540000,"Market-based",1100,"Market Rate","good",0,0,0,0,0,"yes",0,0,0,0,0,"yes",1,11.11,14.28,16.68,15.78,NA,NA,NA,NA,NA,NA,NA,NA,NA,NA,NA,NA,NA,100,0,0,0,0,0,"N",0,0,0,0,0,NA,NA,NA,NA,NA,NA,NA,NA,1,1,11.11,14.28,16.68,15.78,NA,NA,NA,NA,0,0,14.28,NA,NA,0,0,NA,14.28,NA
"140","5247802330","THEATRE OFF JACKSON","Wing Luke Museum and NWAAT","413 7TH AVE S","413   7TH AVE S",15670,"7198","Commercial/Mixed-Use","Art Gallery/Museum/Soc Srvc","IDM-75-85","IDM","PRIVATE",0,1970,576100,864000,NA,NA,NA,"fair",0.75,8.33,5.35,4.17,3.94,"n/a",0,0,0,0,0,"yes",1,11.11,14.28,16.68,15.78,2,0,0,0,0,0,0,NA,NA,NA,NA,NA,NA,NA,NA,NA,NA,NA,NA,"N",0,0,0,0,0,NA,NA,NA,NA,NA,NA,NA,NA,0,0,0,0,0,0,NA,NA,NA,NA,5.35,0,14.28,0,NA,NA,0,NA,0,NA
"141","5247802335","CHIN & TODA OFFICE BLDG","CHIN & TODA OFFICE BLDG","667 S JACKSON ST","667  S JACKSON ST",11520,"5399","Commercial/Mixed-Use","Office Building","IDM-75-85","IDM","PRIVATE",0,1970,1108000,648000,NA,NA,NA,"good",0,0,0,0,0,"n/a",0,0,0,0,0,"yes",1,11.11,14.28,16.68,15.78,NA,NA,NA,NA,NA,NA,NA,NA,NA,NA,NA,NA,NA,NA,NA,NA,NA,NA,NA,"N",0,0,0,0,0,NA,NA,NA,NA,NA,NA,NA,NA,0,0,0,0,0,0,NA,NA,NA,NA,0,0,14.28,NA,NA,NA,0,NA,0,NA
"142","5247801615","BUTY BUILDING","BUTY BUILDING","501 S JACKSON ST","501  S JACKSON ST",15640,"5409","Commercial/Mixed-Use","Office Building","IDM-75-85","IDM","PRIVATE",0,1970,1779000,648000,NA,NA,NA,"good",0,0,0,0,0,"n/a",0,0,0,0,0,"yes",1,11.11,14.28,16.68,15.78,NA,NA,NA,NA,NA,NA,NA,NA,NA,NA,NA,NA,NA,NA,NA,NA,NA,NA,NA,"N",0,0,0,0,0,"1988-10-24",650000,0,0,0,0,0,0,0,0,0,0,0,0,NA,NA,NA,NA,0,0,14.28,NA,NA,NA,0,0,0,NA
"143","5247802570","705 S. WELLER APTS","705 S. WELLER APTS + RETAIL","705 S WELLER ST","705  S WELLER ST",35028,"4799","Commercial/Mixed-Use","Apartment(Mixed Use)","IDM 75/85-150","IDM","PRIVATE",40,2006,11549600,648000,"Market-based",1100,"Market Rate","good",0,0,0,0,0,"n/a",0,0,0,0,0,"no",0,0,0,0,0,NA,NA,NA,NA,NA,NA,NA,NA,NA,NA,NA,NA,NA,NA,NA,NA,NA,NA,NA,"N",0,0,0,0,0,NA,NA,NA,NA,NA,NA,NA,NA,0,0,0,0,0,0,NA,NA,NA,NA,0,0,0,NA,NA,NA,0,NA,0,NA
"144","5247802410","BUSH GARDEN","BUSH GARDEN-RESTAURANT& LOUNGE","614 MAYNARD AVE S","614   MAYNARD AVE S",21600,"7198","Commercial/Mixed-Use","Restaurant/Lounge","IDM 75/85-150","IDM","PRIVATE",0,1975,2219800,972000,NA,NA,NA,"good",0,0,0,0,0,"n/a",0,0,0,0,0,"yes",1,11.11,14.28,16.68,15.78,NA,NA,NA,NA,NA,NA,NA,NA,NA,NA,NA,NA,NA,NA,NA,NA,NA,NA,NA,"N",0,0,0,0,0,"1997-01-27",2900000,0,0,0,0,0,0,1,1,11.11,14.28,16.68,15.78,NA,NA,NA,NA,0,0,14.28,NA,NA,NA,0,0,14.28,NA
"145","6054550000","NEW CENTRAL","NEW CENTRAL HOTEL CONDOMINIUM","657 S WELLER ST","657  S WELLER ST",49299,"14396","Commercial/Mixed-Use","Condominium(Mixed Use)","IDM-75-85","IDM","PRIVATE",27,1960,5764000,1728000,"Mission-based",1000,"Formal Affordable","good",0,0,0,0,0,"yes or exempt",0,0,0,0,0,"yes",1,11.11,14.28,16.68,15.78,1,107000,0,0,0,0,0,NA,NA,NA,NA,NA,NA,100,0,0,0,0,0,"N",0,0,0,0,0,NA,NA,NA,NA,NA,NA,NA,NA,0,0,0,0,0,0,NA,NA,NA,NA,0,0,14.28,0,NA,0,0,NA,0,NA
"146","5247801920","ALPS HOTEL","ALPS HOTEL-CAFE-STORES","621 S KING ST","621  S KING ST",35170,"7200","Commercial/Mixed-Use","Apartment(Mixed Use)","IDM-75-85","IDM","PRIVATE",0,1999,5477100,864000,"Market-based",468,"Informal Affordable - low","good",0,0,0,0,0,"yes or exempt",0,0,0,0,0,"yes",1,11.11,14.28,16.68,15.78,1,180000,0,0,0,0,0,1,1,11.11,7.14,5.56,5.26,100,0,0,0,0,0,"N",0,0,0,0,0,"2003-05-05",2250000,0,0,0,0,0,0,0,0,0,0,0,0,22.22,21.42,22.24,21.04,0,0,14.28,0,7.14,0,0,0,0,21.42
"147","5247801900","OHIO APARTMENTS/SOO YUEN ASSOCIATION BUILDING","Soo Yuen Association Building (Ohio Apts.)","501 MAYNARD AVE S","525   MAYNARD AVE S",15340,"5400","Multi-Family","Apartment(Subsidized)","IDM-75-85","IDM","PRIVATE",0,1980,2191400,648000,"Market-based",580,"Informal Affordable - low","good",0,0,0,0,0,"yes or exempt",0,0,0,0,0,"yes",1,11.11,14.28,16.68,15.78,NA,NA,NA,NA,NA,NA,NA,NA,NA,NA,NA,NA,NA,100,0,0,0,0,0,"N",0,0,0,0,0,"2001-01-02",2480000,0,0,0,0,0,0,0,0,0,0,0,0,11.11,14.28,16.68,15.78,0,0,14.28,NA,NA,0,0,0,0,14.28
"148","5247801915","HONG KONG BUILDING","FORMER HONG KONG CAFE","507 MAYNARD AVE S","507   MAYNARD AVE S",31215,"7200","Commercial/Mixed-Use","Office Building","IDM-75-85","IDM","PRIVATE",0,2005,4453800,864000,"Market-based",615,"Informal Affordable - moderate","good",0,0,0,0,0,"yes or exempt",0,0,0,0,0,"yes",1,11.11,14.28,16.68,15.78,2,550000,0,0,0,0,0,1,1,11.11,7.14,5.56,5.26,100,0,0,0,0,0,"N",0,0,0,0,0,"1992-03-30",400000,0,0,0,0,0,0,0.5,0.5,5.56,7.14,8.34,7.89,27.78,28.56,30.58,28.93,0,0,14.28,0,7.14,0,0,0,7.14,28.56
"149","5247802360","SING KEONG FA","HONEY COURT RESTAURANT","512 MAYNARD AVE S","512   MAYNARD AVE S",6406,"7200","Commercial/Mixed-Use","Restaurant/Lounge","IDM-75-85","IDM","PRIVATE",0,1970,132100,864000,NA,NA,NA,"good",0,0,0,0,0,"n/a",0,0,0,0,0,"yes",1,11.11,14.28,16.68,15.78,NA,NA,NA,NA,NA,NA,NA,NA,NA,NA,NA,NA,NA,NA,NA,NA,NA,NA,NA,"N",0,0,0,0,0,NA,NA,NA,NA,NA,NA,NA,NA,0.5,0.5,5.56,7.14,8.34,7.89,NA,NA,NA,NA,0,0,14.28,NA,NA,NA,0,NA,7.14,NA
"150","5247802345","REX HOTEL","REX APTS & TAI TUNG'S","657 S KING ST","657  S KING ST",27360,"7199","Multi-Family","Apartment(Subsidized)","IDM-75-85","IDM","PRIVATE",30,1979,4336000,864000,"Mission-based",300,"Formal Affordable","good",0,0,0,0,0,"yes or exempt",0,0,0,0,0,"yes",1,11.11,14.28,16.68,15.78,NA,NA,NA,NA,NA,NA,NA,NA,NA,NA,NA,NA,NA,100,0,0,0,0,0,"N",0,0,0,0,0,NA,NA,NA,NA,NA,NA,NA,NA,0.5,0.5,5.56,7.14,8.34,7.89,NA,NA,NA,NA,0,0,14.28,NA,NA,0,0,NA,7.14,NA
"151","5247802065","WASHINGTON TERRACE APTS","Washington Terrace Apts","609 YESLER WAY","609   YESLER WAY",107312,"21548","Multi-Family","Apartment(Subsidized)","IDR 150","IDR","PRIVATE",136,2005,29384000,2916000,"Mission-based",800,"Formal Affordable","good",0,0,0,0,0,"yes",0,0,0,0,0,"no",0,0,0,0,0,NA,NA,NA,NA,NA,NA,NA,NA,NA,NA,NA,NA,NA,NA,NA,NA,NA,NA,NA,"N",0,0,0,0,0,"2004-09-27",2500000,0,0,0,0,0,0,0,0,0,0,0,0,NA,NA,NA,NA,0,0,0,NA,NA,NA,0,0,0,NA
"152","8591900100","12TH & MAIN PLAZA","12TH & MAIN PLAZA","1221 S MAIN ST","1221  S MAIN ST",11970,"14200","Commercial/Mixed-Use","Retail(Line/Strip)","DMR/C 65/65-85","DMR","PRIVATE",0,1991,355900,1318100,NA,NA,NA,"good",0,0,0,0,0,"n/a",0,0,0,0,0,"no",0,0,0,0,0,2,11000,0,0,0,0,0,NA,NA,NA,NA,NA,NA,NA,NA,NA,NA,NA,NA,"N",0,0,0,0,0,NA,NA,NA,NA,NA,NA,NA,NA,0,0,0,0,0,0,NA,NA,NA,NA,0,0,0,0,NA,NA,0,NA,0,NA
"153","8591900055","NGOC BICH (RETAIL STORE)","NGOC BICH (RETAIL STORE)","1212 S JACKSON ST","1212  S JACKSON ST",5760,"5858","Industrial","Warehouse","DMR/C 65/65-85","DMR","PRIVATE",0,1980,46900,541500,NA,NA,NA,"good",0,0,0,0,0,"n/a",0,0,0,0,0,"no",0,0,0,0,0,NA,NA,NA,NA,NA,NA,NA,NA,NA,NA,NA,NA,NA,NA,NA,NA,NA,NA,NA,"N",0,0,0,0,0,NA,NA,NA,NA,NA,NA,NA,NA,0,0,0,0,0,0,NA,NA,NA,NA,0,0,0,NA,NA,NA,0,NA,0,NA
"154","8591900060","NGOC HUNG & HOAS","RETAIL","1220 S JACKSON ST","1222  S JACKSON ST",2124,"2839","Commercial/Mixed-Use","Retail Store","DMR/C 65/65-85","DMR","PRIVATE",0,1975,43000,270700,NA,NA,NA,"good",0,0,0,0,0,"n/a",0,0,0,0,0,"no",0,0,0,0,0,1,0,0,0,0,0,0,NA,NA,NA,NA,NA,NA,NA,NA,NA,NA,NA,NA,"N",0,0,0,0,0,NA,NA,NA,NA,NA,NA,NA,NA,0,0,0,0,0,0,NA,NA,NA,NA,0,0,0,0,NA,NA,0,NA,0,NA
"155","8591900065","PHO THUY DELI","PHO THUY DELI & RETAIL STORES","1228 S JACKSON ST","1224  S JACKSON ST",5640,"17613","Commercial/Mixed-Use","Retail Store","DMR/C 65/65-85","DMR","PRIVATE",0,1975,1000,1595800,NA,NA,NA,"good",0,0,0,0,0,"n/a",0,0,0,0,0,"no",0,0,0,0,0,1,0,0,0,0,0,0,NA,NA,NA,NA,NA,NA,NA,NA,NA,NA,NA,NA,"N",0,0,0,0,0,NA,NA,NA,NA,NA,NA,NA,NA,0,0,0,0,0,0,NA,NA,NA,NA,0,0,0,0,NA,NA,0,NA,0,NA
"156","8591900110","CHARLIE DANG INCOME TAX","HOUSE IN USE AS OFFICE","1215 S MAIN ST","1215  S MAIN ST",1060,"7211","Commercial/Mixed-Use","Retail Store","DMR/C 65/65-85","DMR","PRIVATE",0,1938,1000,684000,NA,NA,NA,"good",0,0,0,0,0,"n/a",0,0,0,0,0,"no",0,0,0,0,0,NA,NA,NA,NA,NA,NA,NA,NA,NA,NA,NA,NA,NA,NA,NA,NA,NA,NA,NA,"N",0,0,0,0,0,NA,NA,NA,NA,NA,NA,NA,NA,0,0,0,0,0,0,NA,NA,NA,NA,0,0,0,NA,NA,NA,0,NA,0,NA
"157","8591900075","NGOC VIET RETAIL &MEDICAL OFFICE","NGOC VIET RETAIL &MEDICAL OFFICE","1236 S JACKSON ST","1236  S JACKSON ST",5960,"3963","Commercial/Mixed-Use","Retail Store","DMR/C 65/65-85","DMR","PRIVATE",0,1990,648600,357200,NA,NA,NA,"good",0,0,0,0,0,"n/a",0,0,0,0,0,"no",0,0,0,0,0,1,0,0,0,0,0,0,NA,NA,NA,NA,NA,NA,NA,NA,NA,NA,NA,NA,"N",0,0,0,0,0,NA,NA,NA,NA,NA,NA,NA,NA,0,0,0,0,0,0,NA,NA,NA,NA,0,0,0,0,NA,NA,0,NA,0,NA
"158","3320000111","PHO-BAC","PHO-BAC RESTAURANT","1314 S JACKSON ST","1254  S JACKSON ST",313,"1096","Commercial/Mixed-Use","Restaurant/Lounge","DMR/C 65/65-85","DMR","PRIVATE",0,1990,1000,105100,NA,NA,NA,"good",0,0,0,0,0,"n/a",0,0,0,0,0,"no",0,0,0,0,0,NA,NA,NA,NA,NA,NA,NA,NA,NA,NA,NA,NA,NA,NA,NA,NA,NA,NA,NA,"N",0,0,0,0,0,NA,NA,NA,NA,NA,NA,NA,NA,0,0,0,0,0,0,NA,NA,NA,NA,0,0,0,NA,NA,NA,0,NA,0,NA
"159","8170100145","SALON/RETAIL/DENTAL OFC","SALON/RETAIL/DENTAL OFC","1231 S JACKSON ST","1231  S JACKSON ST",4000,"5702","Commercial/Mixed-Use","Retail Store","DMR/C 65/65-85","DMR","PRIVATE",0,1955,1000,547500,NA,NA,NA,"good",0,0,0,0,0,"n/a",0,0,0,0,0,"no",0,0,0,0,0,NA,NA,NA,NA,NA,NA,NA,NA,NA,NA,NA,NA,NA,NA,NA,NA,NA,NA,NA,"N",0,0,0,0,0,NA,NA,NA,NA,NA,NA,NA,NA,1,1,11.11,14.28,16.68,15.78,NA,NA,NA,NA,0,0,0,NA,NA,NA,0,NA,14.28,NA
"160","8170100260","MACPHERSON LEATHER CO","MACPHERSON LEATHER CO","519 12TH AVE S","519   12TH AVE S",17248,"9637","Industrial","Industrial(Gen Purpose)","DMR/C 65/65-150","DMR","PRIVATE",0,1950,273400,912000,NA,NA,NA,"good",0,0,0,0,0,"n/a",0,0,0,0,0,"no",0,0,0,0,0,NA,NA,NA,NA,NA,NA,NA,NA,NA,NA,NA,NA,NA,NA,NA,NA,NA,NA,NA,"N",0,0,0,0,0,NA,NA,NA,NA,NA,NA,NA,NA,0,0,0,0,0,0,NA,NA,NA,NA,0,0,0,NA,NA,NA,0,NA,0,NA
"161","5247802540","WAREHOUSE & RETAIL","WAREHOUSE & RETAIL","710 7TH AVE S","710   7TH AVE S",19350,"21872","Industrial","Warehouse","IDM 75/85-150","IDM","PRIVATE",0,1960,1000,2916000,NA,NA,NA,"good",0,0,0,0,0,"n/a",0,0,0,0,0,"no",0,0,0,0,0,NA,NA,NA,NA,NA,NA,NA,NA,NA,NA,NA,NA,NA,NA,NA,NA,NA,NA,NA,"N",0,0,0,0,0,NA,NA,NA,NA,NA,NA,NA,NA,0,0,0,0,0,0,NA,NA,NA,NA,0,0,0,NA,NA,NA,0,NA,0,NA
"162","5247802560","RETAIL","Retail","700 S DEARBORN ST","700  S DEARBORN ST",5780,"5520","Commercial/Mixed-Use","Retail Store","IDM 75/85-150","IDM","PRIVATE",0,1985,1000,816400,NA,NA,NA,"good",0,0,0,0,0,"n/a",0,0,0,0,0,"no",0,0,0,0,0,NA,NA,NA,NA,NA,NA,NA,NA,NA,NA,NA,NA,NA,NA,NA,NA,NA,NA,NA,"N",0,0,0,0,0,"1996-12-30",400000,0,0,0,0,0,0,0,0,0,0,0,0,NA,NA,NA,NA,0,0,0,NA,NA,NA,0,0,0,NA
"163","5247801630","JOES BAR AND GRILL","TAVERN - STORES & OFFICES","418 5TH AVE S","418   5TH AVE S",7200,"7212","Commercial/Mixed-Use","Retail Store","IDM-75-85","IDM","PRIVATE",0,1960,1000,864000,NA,NA,NA,"good",0,0,0,0,0,"n/a",0,0,0,0,0,"yes",1,11.11,14.28,16.68,15.78,NA,NA,NA,NA,NA,NA,NA,NA,NA,NA,NA,NA,NA,NA,NA,NA,NA,NA,NA,"N",0,0,0,0,0,NA,NA,NA,NA,NA,NA,NA,NA,0,0,0,0,0,0,NA,NA,NA,NA,0,0,14.28,NA,NA,NA,0,NA,0,NA
"164","5247801660","MING'S ASIAN GALLERY & OASIS RESTAURANT","Ming's Asian Gallery & Oasis Restaurant","519 6TH AVE S","519   6TH AVE S",37050,"18300","Commercial/Mixed-Use","Retail Store","IDM 75/85-150","IDM","PRIVATE",0,1969,2026800,2443500,NA,NA,NA,"good",0,0,0,0,0,"n/a",0,0,0,0,0,"no",0,0,0,0,0,4,257840,0,0,0,0,0,1,1,11.11,7.14,5.56,5.26,NA,NA,NA,NA,NA,NA,"N",0,0,0,0,0,NA,NA,NA,NA,NA,NA,NA,NA,1,1,11.11,14.28,16.68,15.78,NA,NA,NA,NA,0,0,0,0,7.14,NA,0,NA,14.28,NA
"165","8592900375","VACANT","SEGGED FROM 766620-2695","617 S DEARBORN ST","617  S DEARBORN ST",6420,"6725","Vacant","Vacant(Commercial)","IDM 150/85-150","IDM","PRIVATE",0,1972,1000,907200,NA,NA,NA,"fair",0.75,8.33,5.35,4.17,3.94,"n/a",0,0,0,0,0,"no",0,0,0,0,0,NA,NA,NA,NA,NA,NA,NA,NA,NA,NA,NA,NA,NA,NA,NA,NA,NA,NA,NA,"N",0,0,0,0,0,NA,NA,NA,NA,NA,NA,NA,NA,0,0,0,0,0,0,NA,NA,NA,NA,5.35,0,0,NA,NA,NA,0,NA,0,NA
"166","7666202690","WM BOOTH CNTR","WM BOOTH CNTR","811 MAYNARD AVE S","811   MAYNARD AVE S",35020,"20342","Multi-Family","Residence Hall/Dorm","IDM 150/85-150","IDM","PRIVATE",0,1995,3484200,2785400,"Mission-based",NA,"Formal Affordable","good",0,0,0,0,0,"n/a",0,0,0,0,0,"no",0,0,0,0,0,1,100000,0,0,0,0,0,NA,NA,NA,NA,NA,NA,NA,NA,NA,NA,NA,NA,"N",0,0,0,0,0,NA,NA,NA,NA,NA,NA,NA,NA,0,0,0,0,0,0,NA,NA,NA,NA,0,0,0,0,NA,NA,0,NA,0,NA
"167","7666202700","DWINELL VISUAL SYSTEMS","DWINELL VISUAL SYSTEMS","814 6TH AVE S","814   6TH AVE S",10800,"10690","Industrial","Industrial(Gen Purpose)","IDM 150/85-150","IDM","PRIVATE",0,1979,302700,1434200,NA,NA,NA,"good",0,0,0,0,0,"n/a",0,0,0,0,0,"no",0,0,0,0,0,NA,NA,NA,NA,NA,NA,NA,1,1,11.11,7.14,5.56,5.26,NA,NA,NA,NA,NA,NA,"N",0,0,0,0,0,"1996-09-30",700000,0,0,0,0,0,0,0,0,0,0,0,0,NA,NA,NA,NA,0,0,0,NA,7.14,NA,0,0,0,NA
"168","8809700000","UNION STATION CONDOMINIUM","UNION STATION CONDOMINIUM-","605 5TH AVE S","401  S JACKSON ST",1374337,"337094","Commercial/Mixed-Use","Condominium(Mixed Use)","IDM-65-150","IDM","PRIVATE",0,2000,222816700,45730700,NA,NA,NA,"good",0,0,0,0,0,"n/a",0,0,0,0,0,"no",0,0,0,0,0,12,1533944,-1,-11.11,-10.71,-8.34,-10.52,NA,NA,NA,NA,NA,NA,NA,NA,NA,NA,NA,NA,"N",0,0,0,0,0,NA,NA,NA,NA,NA,NA,NA,NA,0,0,0,0,0,0,NA,NA,NA,NA,0,0,0,-10.71,NA,NA,0,NA,0,NA
"169","5247801975","JACKSON BLDG - HIGO VARIETY","JACKSON BLDG - HIGO VARIETY","600 S JACKSON ST","600  S JACKSON ST",17200,"12609","Commercial/Mixed-Use","Retail Store","IDM-75-85","IDM","PRIVATE",0,1966,653200,1512000,NA,NA,NA,"good",0,0,0,0,0,"n/a",0,0,0,0,0,"yes",1,11.11,14.28,16.68,15.78,1,50000,0,0,0,0,0,NA,NA,NA,NA,NA,NA,NA,NA,NA,NA,NA,NA,"N",0,0,0,0,0,NA,NA,NA,NA,NA,NA,NA,NA,0.5,0.5,5.56,7.14,8.34,7.89,NA,NA,NA,NA,0,0,14.28,0,NA,NA,0,NA,7.14,NA
"170","3320000595","MIXED USE RETAIL","VACANT LOT","1248 S KING","S KING ST",0,"4798","Vacant","Vacant(Industrial)","DMR/C 65/65-85","DMR","PRIVATE",0,0,0,453600,NA,NA,NA,"good",0,0,0,0,0,"n/a",0,0,0,0,0,"no",0,0,0,0,0,NA,NA,NA,NA,NA,NA,NA,NA,NA,NA,NA,NA,NA,NA,NA,NA,NA,NA,NA,"N",0,0,0,0,0,NA,NA,NA,NA,NA,NA,NA,NA,0,0,0,0,0,0,NA,NA,NA,NA,0,0,0,NA,NA,NA,0,NA,0,NA
"171","3320500080","HUMBLE PIE PIZZA","Humble Pie Pizza","525 RAINIER AVE S","525   RAINIER AVE S",0,"2915","Commercial/Mixed-Use","Restaurant(Fast Food)","DMR/C 65/65-150","DMR","PRIVATE",0,0,0,285000,NA,NA,NA,"good",0,0,0,0,0,"n/a",0,0,0,0,0,"no",0,0,0,0,0,1,22769,0,0,0,0,0,NA,NA,NA,NA,NA,NA,NA,NA,NA,NA,NA,NA,"N",0,0,0,0,0,NA,NA,NA,NA,NA,NA,NA,NA,0,0,0,0,0,0,NA,NA,NA,NA,0,0,0,0,NA,NA,0,NA,0,NA
"172","8170100430","SEATTLE INDIAN SVCS COMM","SEATTLE INDIAN SVCS COMM","606 12TH AVE S","606   12TH AVE S",20727,"48105","Commercial/Mixed-Use","Office Building","DMC 85/65-150","DMC","PRIVATE",0,2000,1000,4560000,NA,NA,NA,"fair",0.75,8.33,5.35,4.17,3.94,"n/a",0,0,0,0,0,"no",0,0,0,0,0,1,0,0,0,0,0,0,NA,NA,NA,NA,NA,NA,NA,NA,NA,NA,NA,NA,"N",0,0,0,0,0,NA,NA,NA,NA,NA,NA,NA,NA,0,0,0,0,0,0,NA,NA,NA,NA,5.35,0,0,0,NA,NA,0,NA,0,NA
"173","3644600000","JACKSON HOTEL","JACKSON HOTEL CONDOMINIUM","670 S JACKSON ST","664  S JACKSON ST",14686,"5404","Commercial/Mixed-Use","Condominium(Mixed Use)","IDM-75-85","IDM","PRIVATE",17,1950,1012800,648000,"Mission-based",1000,"Formal Affordable","good",0,0,0,0,0,"yes or exempt",0,0,0,0,0,"yes",1,11.11,14.28,16.68,15.78,1,20000,0,0,0,0,0,1,1,11.11,7.14,5.56,5.26,100,0,0,0,0,0,"N",0,0,0,0,0,NA,NA,NA,NA,NA,NA,NA,NA,0.5,0.5,5.56,7.14,8.34,7.89,NA,NA,NA,NA,0,0,14.28,0,7.14,0,0,NA,7.14,NA
"174","5247802370","HOTEL ECLIPSE","HOTEL ECLIPSE BLDG-80 RMS","670 S WELLER ST","670  S WELLER ST",21600,"7201","Commercial/Mixed-Use","Retail Store","IDM-75-85","IDM","PRIVATE",0,1950,65200,864000,NA,NA,NA,"poor",1,11.11,7.14,5.56,5.26,"no",1,11.11,14.28,16.68,15.78,"yes",1,11.11,14.28,16.68,15.78,1,15000,0,0,0,0,0,NA,NA,NA,NA,NA,NA,0,1,11.11,10.71,8.34,10.52,"N",0,0,0,0,0,NA,NA,NA,NA,NA,NA,NA,NA,1,1,11.11,14.28,16.68,15.78,NA,NA,NA,NA,7.14,14.28,14.28,0,NA,10.71,0,NA,14.28,NA
"175","5247802380","LOUISA HOTEL","HUDSON HOTEL","665 S KING ST","665  S KING ST",43200,"14400","Commercial/Mixed-Use","Retail Store","IDM-75-85","IDM","PRIVATE",0,1960,1000,1728000,"Market-based",NA,"Information Unavailable","good",0,0,0,0,0,"n/a",0,0,0,0,0,"yes",1,11.11,14.28,16.68,15.78,3,675000,0,0,0,0,0,1,1,11.11,7.14,5.56,5.26,NA,NA,NA,NA,NA,NA,"N",0,0,0,0,0,NA,NA,NA,NA,NA,NA,NA,NA,1,1,11.11,14.28,16.68,15.78,33.33,35.7,38.92,36.82,0,0,14.28,0,7.14,NA,0,NA,14.28,35.7
"176","5247802690","GOLDEN HONG MKT","GOLDEN HONG MKT & BON VIETNAMESE RESTAURATN","516 7TH AVE S","516   7TH AVE S",6832,"7201","Commercial/Mixed-Use","Restaurant/Lounge","IDM-75-85","IDM","PRIVATE",0,2012,888400,864000,NA,NA,NA,"good",0,0,0,0,0,"n/a",0,0,0,0,0,"yes",1,11.11,14.28,16.68,15.78,1,325242,0,0,0,0,0,NA,NA,NA,NA,NA,NA,NA,NA,NA,NA,NA,NA,"N",0,0,0,0,0,"2004-08-16",1350000,0,0,0,0,0,0,0.5,0.5,5.56,7.14,8.34,7.89,NA,NA,NA,NA,0,0,14.28,0,NA,NA,0,0,7.14,NA
"177","2662650000","FUJISADA CONDOMINIUM","FUJISADA CONDOMINIUM","510 6TH AVE S","510   6TH AVE S",31333,"7199","Commercial/Mixed-Use","Condominium(Mixed Use)","IDM-75-85","IDM","PRIVATE",26,1999,7464000,861800,"Market-based",NA,NA,"good",0,0,0,0,0,"no info",0,0,0,0,0,"no",0,0,0,0,0,3,284500,0,0,0,0,0,NA,NA,NA,NA,NA,NA,NA,NA,NA,NA,NA,NA,"N",0,0,0,0,0,NA,NA,NA,NA,NA,NA,NA,NA,0,0,0,0,0,0,NA,NA,NA,NA,0,0,0,0,NA,NA,0,NA,0,NA
